20.8446954304	40.6325591916	86.9648652237	1
54.6981586512	-6.48953505711	21.461798762	1
18.5184829907	36.5153124841	79.7905280127	1
41.0553484739	51.6328457586	43.0524013932	1
46.7471163503	58.6866878374	36.4452095314	1
10.4248814499	63.6594933777	20.1719125159	1
3.89180799609	44.7008414718	73.2843728043	1
34.4453677448	17.9425911221	61.6504089525	1
38.0609791773	30.1695209205	19.9549399602	1
26.546392487	11.9882722192	17.3169289276	1
35.8816361146	34.9285754314	51.6669454622	1
7.90484010716	37.9857680591	82.2540227276	1
36.2386723637	5.6550369288	46.5730958567	1
53.4994678837	32.8244338406	13.9696795021	1
-11.7233991096	-1.49404254627	62.3517084753	1
17.2194697572	33.8751982533	59.8624676935	1
32.1708154931	17.8785067684	96.2635843053	1
45.8420049025	9.52936543155	40.7267041101	1
21.3482102666	36.9601042711	33.239311602	1
44.180315047	21.1463960731	70.2239638991	1
36.0172329128	61.1513576661	74.102749389	1
29.0180156052	24.9025515773	95.51884375	1
17.8453985264	21.0860699076	77.1790422464	1
26.5044095312	74.9015144087	18.1562582356	1
78.2151366043	45.041760247	39.474971743	1
37.4870696058	57.4673805818	24.7915754022	1
35.770384037	12.1541967871	4.38924181659	1
56.6494658589	30.5531715112	16.0668399448	1
21.4406643118	49.1238951439	35.9694606034	1
25.4731638747	26.3384624663	6.20176341529	1
31.820054775	7.51698490377	58.4733785409	1
-14.3971225635	24.5292780805	58.8633271661	1
21.4877760795	64.4197937564	92.0087111676	1
0.717494666551	31.4744416636	2.40235346656	1
46.2869715354	68.3280731181	93.0801452025	1
35.288303253	62.1791333903	92.2857729524	1
16.2398435091	18.9036300586	31.9287790146	1
67.2618114132	21.1181982211	76.4844018011	1
44.7346060223	38.1893231444	9.56273237212	1
61.5245252248	45.8990449552	4.54293906864	1
33.8376200145	33.0940474233	79.7778039725	1
15.6261289873	32.2125288923	93.3776631681	1
9.09545146708	38.4589488094	49.8888066815	1
44.8025890046	30.0678683208	80.5032257855	1
25.3386821734	73.3428563623	80.1429624576	1
24.4760796648	-4.89858555601	70.9192883766	1
64.2387208876	-1.39400390103	24.2633898754	1
20.5399031157	27.3957922191	35.348602109	1
52.366471094	6.7454860261	38.1831481373	1
42.8213823229	29.1710008029	61.3064300528	1
56.9048628828	8.19403951914	39.8312748832	1
59.0196165296	-8.96929250601	32.1519735057	1
55.7067223458	30.7983973846	11.0358480062	1
29.1768870159	52.0526521674	48.155493246	1
23.2781479656	53.6454096247	11.4906731679	1
25.2308272994	24.831063972	91.7238962185	1
30.7285210687	37.641306836	5.74738676747	1
49.3432838056	35.9373474663	25.7505049491	1
46.8498165576	46.9762981475	62.2517431477	1
30.6875598216	26.8483801537	97.037406391	1
37.2187335682	60.7092199797	4.63038314644	1
21.1268986485	62.9963908414	52.7865920132	1
44.9160602554	26.1467718311	63.2532320268	1
23.1146778954	9.17233236867	88.6693060329	1
8.36232256422	28.0945094885	17.8974987643	1
54.2440135019	20.5400745336	16.4610588177	1
-14.3006132715	46.2823570196	42.745811988	1
1.18229753056	-9.41807877777	24.7027179312	1
9.77247076841	7.0693662276	16.2244644605	1
37.6620471611	21.4848890461	34.492665478	1
-7.7615621297	64.8014279589	38.1490843843	1
-15.6993062993	19.5520462786	79.8381960655	1
-3.07022949688	15.4641255073	22.1035753732	1
4.62186088344	27.9808397661	21.2466305698	1
29.028928878	48.3940214604	40.2130737137	1
32.0664500644	6.87368843178	12.0417965496	1
88.0971764388	60.2099773381	58.2541627045	1
24.8530556373	57.0072733557	73.7041055201	1
42.4410439118	57.1815136498	38.2429359505	1
48.3974539056	49.7618289371	0.226228386931	1
-0.0388431016352	2.91646418628	82.7216265028	1
37.0747564834	55.644112641	80.4200605226	1
2.3639747626	33.2702158524	96.867563512	1
36.9486318786	57.9650609605	46.5695186458	1
47.5749137947	32.2986993675	95.1111484731	1
6.27602456874	15.1863193693	49.1689992786	1
20.5017195648	1.21361365204	54.1595844258	1
0.259730545391	29.6371815617	15.0406579425	1
34.6792956309	12.6502121026	50.8159686931	1
24.903151945	26.2963088106	84.0228829551	1
5.84604038216	40.9310691354	49.3001501252	1
12.7560797297	36.2958804498	99.7536967805	1
6.91910691336	38.3195393079	77.0272521534	1
39.9317015065	3.59034681632	32.7234833898	1
16.9077395396	-1.73400547759	8.57776590846	1
71.7358902341	15.3486437837	75.731922765	1
44.2617262184	37.0767760204	84.3891502975	1
52.1271107611	47.0616703402	97.9735121584	1
21.6230959037	-12.9193785461	54.3685334463	1
3.0441907476	40.8935878768	65.4277868685	1
61.3286256312	27.700666147	18.2288926988	1
81.4683556429	44.6603539361	96.2907028941	1
9.19731523669	-1.58112005722	55.4207806419	1
33.0267647386	14.0701055762	7.15341894668	1
34.0231752947	23.5072219977	38.8928722402	1
42.5336239976	17.9983832618	35.3677432958	1
41.4938547258	57.5883423312	51.0574364858	1
52.8176144901	15.7030145634	36.3755314711	1
15.4546191711	26.1487440192	93.0658458958	1
8.85879427243	9.54743113556	95.6628580798	1
3.03842876599	15.7194447902	56.9558376509	1
45.5736501102	-8.16714372875	10.5294762068	1
15.9506435572	40.1125548182	75.8115529575	1
30.8557619872	35.5166640349	40.4831813233	1
13.1318037508	21.5596005851	25.7453850452	1
79.5106576647	27.6458776848	38.0915106272	1
20.387086139	7.13284997084	84.3479107497	1
9.64625831055	20.2746833927	36.973045223	1
8.65509012803	-8.16519813636	40.2190943721	1
20.0567997855	-10.6082675142	20.2133470296	1
37.6368796823	54.813110289	36.3913522379	1
43.8119106883	19.909332911	77.0660352475	1
26.8008393135	-8.1095410325	11.299525919	1
13.9033379678	50.2001392099	9.5308200469	1
-1.70919259198	68.8922304696	75.0569498553	1
22.2937347285	49.6588093198	19.8935724999	1
27.1803382332	12.2866297196	8.64193301877	1
27.4492539168	-2.18047475071	46.0990592346	1
51.4864841637	-9.76142940472	32.2361752671	1
3.87226615119	31.01679112	12.2142279425	1
-5.72528219323	8.6074221821	61.2057767254	1
19.3313058206	39.4561749292	77.2631499327	1
34.123480772	49.8585502138	37.7440963783	1
30.9175431967	32.8964632424	65.6325263004	1
72.543873444	24.9231347304	52.0520226198	1
33.8196015774	15.0059263964	78.0579974797	1
27.1352340869	23.0155146464	76.7154534056	1
18.0988323382	45.3595393285	66.7396100934	1
44.8315593975	23.7296916291	58.9239507917	1
3.53221769561	56.1899902877	54.3123849935	1
43.252745727	62.0886017784	19.958512974	1
17.9860831913	50.1014231941	35.6992114819	1
13.2585846036	15.2898787874	75.7187326598	1
54.7200652332	41.8111040455	31.8878940865	1
27.0927858659	32.4001528885	44.9607059929	1
56.4318765563	33.2939751228	11.8080654202	1
29.5592998166	-1.63166039968	81.6553497592	1
34.9004219322	12.8068506842	45.1739408224	1
3.89167004487	8.24829125745	39.8285133802	1
17.8257132744	15.8893791768	81.855862326	1
25.034711759	1.19056257063	22.4954140252	1
35.1320431413	-1.91555788866	90.9410717403	1
26.6345609845	26.142635024	99.7150414052	1
-5.33024843947	8.5195600151	57.9061674894	1
20.8031934453	34.3296680708	89.0727892579	1
35.4412789281	51.8571404459	54.1939476162	1
2.14364659806	26.5129101592	53.0475139477	1
11.0599347287	69.5398684049	85.6181086446	1
38.7807088271	55.9558556839	84.479004469	1
8.0209299737	63.1904357867	67.7642594562	1
39.997203721	27.541649196	59.8018223302	1
44.7908100383	36.8121102602	66.0040827693	1
2.78236654106	20.7072857049	49.574698919	1
18.4777997734	20.5157630358	82.8882997172	1
34.9707252604	30.5207786251	27.9394318233	1
-7.86106683123	58.2474569445	66.987432067	1
68.0307963839	7.31796621467	59.7828722068	1
20.6906101571	39.0340489412	89.2378324351	1
63.0480050676	46.3638102263	19.649782389	1
44.8024577846	35.3077405614	57.9750355555	1
49.1414266415	43.2654521586	16.8464276126	1
27.2971466846	-3.76249131801	58.1321416936	1
26.0320211044	69.0116663519	59.5386879567	1
46.8801101506	59.8118234997	27.1048100447	1
72.9709047156	-5.07425082261	96.7155181192	1
25.406373122	13.3783016753	36.3435666696	1
56.9767959528	52.6150722572	9.64127533262	1
15.0739534303	40.9925038526	21.1919274109	1
13.0768680238	20.4016547334	27.3223810738	1
68.3676961714	69.1457918194	83.378059849	1
22.8332914501	22.4407248664	3.97596522579	1
25.3921346673	44.4181005526	42.5505933089	1
62.0787133707	52.2565540011	56.3504733329	1
-2.74685185605	15.9980103912	48.1291593675	1
54.3950822751	14.1581529075	76.2287949027	1
-9.46114498558	44.1771831382	19.4357709316	1
23.7867573374	26.9616920749	47.7797632177	1
39.118717921	27.8896411667	24.4832946294	1
27.2791006516	-5.40333263741	52.0445290017	1
14.3335972824	24.1268709015	25.2921844704	1
10.7054156182	32.8564120695	14.1941105084	1
58.7764964965	42.8329458369	86.3848479852	1
38.6226444062	11.7499995078	72.1354867394	1
30.3590455756	15.3548040585	4.15720250757	1
18.8651409548	26.1494690927	57.1146771036	1
45.5258344709	46.1967347779	45.8011019779	1
2.0591833864	2.86607923661	25.4500208795	1
34.8679513987	5.54821714596	92.179726432	1
43.1524618438	-13.2805665186	21.8457890471	1
57.5124466737	41.7080843662	1.79957348586	1
51.793864522	47.8231248862	88.208076817	1
3.56682133787	34.712979835	56.0833463959	1
-2.89759608668	33.3844549017	80.6243411288	1
4.27578183611	17.1433852855	85.467506489	1
55.9419669632	50.9633565938	82.6476627071	1
58.273376632	34.5325714976	56.1605747474	1
21.8003074151	19.785481629	88.6286068922	1
17.0123249588	2.8178501	40.9001784651	1
49.153816096	17.8036518162	44.7043399333	1
-25.2657864355	-13.815847904	62.1252046297	1
28.0619248009	44.5710653725	4.58273760652	1
11.7892673292	60.1500586063	41.9103940456	1
38.4819681132	44.5551869682	49.3471991289	1
4.2596566221	28.8613567965	95.6115429687	1
22.42723987	20.9953954376	39.0361707493	1
29.9708140727	-0.126522648927	56.1307868342	1
64.6452094559	26.2851625987	83.4181737641	1
17.1840760527	38.4615628298	87.7297844638	1
53.2207573178	22.6018567264	25.1952573442	1
28.9204697379	42.8972055232	65.0192179495	1
35.8842394836	39.2765124644	54.4494871928	1
25.9863198142	38.4666379832	64.5225629376	1
33.3174087301	8.98060752837	58.6125281082	1
2.58550760316	-1.58188677282	45.0623950102	1
79.8565930573	12.3948062852	13.4152208017	1
31.4136623695	39.3146531798	54.9074314027	1
33.2538681523	1.39119269653	87.8302246707	1
23.5187111086	53.4802413258	38.315241277	1
37.4602036324	36.746642337	62.2701527813	1
24.2641607675	1.49345430135	81.9362008529	1
49.8238964194	61.7257836333	61.1408893714	1
16.639961682	42.7370351566	24.8301717237	1
37.925133906	28.5718226894	76.4948993688	1
55.61075293	43.3586491085	13.7663160474	1
23.5928776482	16.4710865713	54.8029215014	1
15.5485796644	60.1143152732	34.9976410143	1
30.3700221947	-5.68768492631	30.7091283863	1
23.7605006383	5.5640811084	50.6164818224	1
16.9244107213	0.318887192658	68.807506307	1
39.3706162072	32.7952025316	89.7366816997	1
15.9785415166	11.2273241811	38.0061022327	1
24.4418549612	34.2421293281	9.1773909928	1
36.8462050526	36.7649152944	51.2540252795	1
33.3875963603	46.3150733983	21.2276650484	1
26.1458081885	53.704163682	75.2484502667	1
65.4790677964	-6.12247437687	45.4080786969	1
13.7109611988	23.3201079105	14.0887687371	1
34.0474428674	42.8650929008	50.1369473592	1
33.8613354491	44.8642208224	84.9776966341	1
28.9898920455	14.456361276	5.25025620195	1
68.2736453266	40.8603154541	69.0462319906	1
21.9059836246	1.29899413948	79.2535466227	1
33.9608671224	23.6197946336	10.8574523	1
7.58405764328	32.6537813406	52.2119688537	1
46.5900921902	46.5455649861	99.8968864034	1
27.5279589141	14.5999189841	64.3582115043	1
51.6458080186	30.8860540749	8.31271426259	1
30.6970432516	15.5127956064	57.9218054308	1
22.5002327929	12.8330678487	18.1907445285	1
43.1264866963	1.0482150873	56.1135942607	1
38.5714731946	27.9991660024	68.0811525766	1
39.1529235027	32.2400363415	79.8107767475	1
-0.678905545324	48.8485118393	10.1524064984	1
49.1026343136	34.2447521296	5.60336966757	1
45.1057952778	35.019089965	32.3468935632	1
16.2607624883	34.3497841967	63.0322862894	1
40.9725127616	49.1531358204	37.9740922183	1
50.8823824801	18.3347249409	0.946841981481	1
5.84647125663	0.645854074518	91.2565473642	1
-3.88551960421	37.4691100631	16.0499345714	1
21.1602510694	34.1664436347	15.0469952175	1
58.6811585386	57.48719432	75.9417434367	1
15.093576561	28.2937320088	86.6366879232	1
19.4875746305	15.492641745	9.85824867772	1
34.6901764798	41.1758381078	6.54917310413	1
63.2818572485	53.6532865178	45.6900597912	1
59.8780056875	24.8658648363	20.0862169466	1
66.0094533249	37.9393949911	12.0450005946	1
11.0029893926	17.4288760292	81.1269532344	1
47.0982210675	17.6170777306	46.8991686147	1
70.4174593091	-4.90399648026	82.7693950622	1
-16.2611556435	48.1817838649	11.519963304	1
-16.6685551965	28.023145511	77.4670232177	1
34.0480756802	24.3610715153	0.91322768572	1
79.0265200494	61.6610187889	15.0064636905	1
10.2256841223	7.50452432797	3.29507480162	1
44.5827868245	66.2984946557	19.4962050982	1
18.5549150426	0.0791858549081	89.2799191137	1
12.716049211	37.923200992	2.064521256	1
35.1968792572	65.9241476698	76.6820391766	1
-0.765492157757	27.0882453665	56.74843466	1
-0.965989864692	17.8036696973	89.0423947813	1
31.4622063014	38.968446348	58.8121611349	1
25.1644997843	58.7104407741	37.6607526885	1
54.5373481035	-4.82695317035	62.5416506707	1
28.8805343698	46.9049630478	6.3793198413	1
24.3587055808	39.34311725	95.6625662226	1
13.8469172809	43.6908486447	86.0926483584	1
37.8555034235	13.6518408724	63.769216659	1
-4.31011985287	24.886462922	26.6413424314	1
21.9318438096	-12.8021204027	68.0008227552	1
54.9624248119	14.9213317935	18.6843807381	1
57.8278552455	9.84667964137	20.6500254907	1
35.930125693	16.9345763041	96.5246548763	1
37.2280766442	38.8674579004	90.935164012	1
88.1040562449	44.4913704771	46.6034949634	1
58.5595023448	19.2757100993	75.0445248151	1
29.1499427	56.0159765024	19.5588292706	1
-9.46410724288	45.0377616016	36.7261209873	1
-1.44792380087	42.7485699773	54.4023120554	1
54.5696724425	42.3180773744	84.881600373	1
19.482572962	29.3910796999	83.8708293714	1
30.2768874384	29.4731035446	40.2623411058	1
25.1980028659	5.87353767623	67.2591664901	1
27.0481811268	-17.8288653324	35.9398497772	1
36.5243397001	20.8716576867	78.1018574883	1
1.46830453647	41.801832279	54.8029405167	1
56.650777779	-1.01928848895	12.9451633458	1
11.4043333166	43.7082719902	21.4879373336	1
12.519366291	45.0007213859	71.4982949012	1
30.9799397288	62.5835509115	21.4482600264	1
34.8633450488	47.5224160631	17.471015682	1
63.6146577104	51.5088541625	30.3946765818	1
10.4954713983	43.0788073761	14.8439260918	1
44.1088676792	40.2948263182	28.5743553748	1
16.4786039922	6.96645370078	29.9376757426	1
32.2936381205	15.7119232347	29.7080750254	1
22.0096853291	17.5848570071	26.284723576	1
37.4447379664	3.56405232404	27.7675189114	1
18.9632185334	0.986035944749	18.7308438222	1
37.5938072839	49.2561604944	8.26674893818	1
1.45040058292	13.7443539576	85.6984882851	1
65.940801754	4.67258116657	28.2058213579	1
40.2339436473	32.9666998174	53.833382104	1
63.9979319259	31.0706569287	63.3596579752	1
11.2795823423	24.2612451488	14.664484402	1
5.11762900685	27.325552219	17.795135527	1
43.8762215771	19.2396296247	5.03725907765	1
12.3319015378	49.9725260588	41.6939551839	1
25.3510354569	29.8601934399	25.8899433899	1
51.6311420899	29.0363384729	58.2221327074	1
48.6250942008	48.9539214851	61.5563152988	1
18.2188963635	34.935170253	8.2073535054	1
21.3934369069	14.1560760067	68.6345649316	1
51.1305668853	43.0554392869	29.0355582443	1
33.434808498	38.0926395473	70.2372986819	1
2.69851949911	26.8714266508	52.5455077201	1
49.1997775044	47.4887753005	90.2266146411	1
24.5875010367	38.0436423341	59.5299547537	1
53.2277385232	27.7028126287	50.5481853046	1
43.9276900961	49.8996803897	44.7004812816	1
40.7653707022	57.0561356469	41.9948955792	1
35.3937831166	-4.33098152283	95.665786226	1
3.59004504023	1.62601281996	26.759917137	1
22.9869393119	45.9722679967	26.3777740675	1
28.7573106539	28.8022563843	4.69011653268	1
56.5556277416	28.4643705471	73.0105737332	1
49.3531466013	29.7433133438	46.011171178	1
58.7128701578	6.87795402564	31.7574532314	1
29.4601988808	56.4112894854	80.9799477114	1
43.4374470969	34.9541218458	48.8618108454	1
45.538823885	40.3147764098	99.8290826458	1
30.8866581575	41.1766670049	47.2492863474	1
53.4918298718	27.6788003081	0.641448114531	1
3.04461426349	26.9754858161	48.2372690537	1
26.9679988772	55.0090323423	52.3335712396	1
32.2420346288	9.71736572268	82.3780700294	1
8.13179164202	51.238376999	35.5916685279	1
4.7938148172	54.3088264009	70.8852770139	1
9.92031978852	11.457276301	70.4096794298	1
31.4205460331	41.4864895448	15.193521224	1
0.768114216868	34.1406408659	5.13128549689	1
27.4826751181	28.54272882	87.2405900762	1
33.9680613929	81.6775612093	73.1108270247	1
4.54818630462	25.7314013497	78.182483644	1
20.2059569581	24.3821370722	25.4717907863	1
29.6105754432	43.0165154482	78.4144895183	1
39.4903478445	4.60758989216	9.07848785286	1
27.2294291437	29.3965665844	93.3309352249	1
23.9732255542	55.375263853	93.0046150265	1
30.0539689511	42.5491797193	59.898719077	1
59.5350388205	9.38780350541	3.85883618235	1
35.8388555631	1.18897203018	97.3909881204	1
16.5467500495	50.9129845535	49.1391651124	1
31.4435269016	35.1616236057	43.7072329782	1
49.7628115212	23.3287831878	51.5048158982	1
39.695078166	8.99591101318	87.6452717859	1
29.2597074299	34.6863749985	67.7445928004	1
34.4517006471	21.4573555045	59.2572330123	1
37.4143023765	38.8174630386	30.7478878627	1
42.7483903512	30.5486787829	15.9268354514	1
51.3385891614	36.2889719709	82.3203947461	1
34.960857297	25.6207605171	89.829295487	1
26.2375700408	31.6813189897	5.23726571328	1
40.1448162074	35.3558439044	72.3552432817	1
38.4085389758	-10.57352799	98.9538346613	1
37.2098849064	34.6563175004	15.4975278416	1
60.238298885	47.8991825522	96.0381095809	1
51.1482507018	33.3371068962	5.13869273092	1
51.6109839961	73.3209787799	54.999589267	1
33.416036452	21.5713686735	29.4546742766	1
7.26430477053	29.6953502504	71.9261021951	1
20.7913177782	29.2897733732	31.4267167993	1
31.262960833	69.2971869501	25.6476686436	1
25.0333762728	70.4547622151	20.2737839138	1
12.3019317266	30.634933548	83.1772147316	1
41.4116469046	22.749596932	29.6617914498	1
25.5621182201	26.7510826883	85.4604872505	1
17.2025237134	8.17632575032	37.4252483027	1
18.0421671741	50.1877768253	69.5389792676	1
-4.35841589131	26.2580970368	13.374987327	1
41.9112526508	62.5812777593	15.6821320124	1
14.5204768103	29.0288278216	8.52989376229	1
54.126752632	4.74897045604	96.6481816775	1
36.447857575	20.8363022273	48.518545021	1
36.8388767703	17.734615991	13.7951384687	1
15.6726045233	17.3125964979	38.274888977	1
56.2614569034	46.0195733161	53.6761980517	1
-19.3417473601	11.4543325265	40.5484811484	1
24.1323247341	10.1206426367	77.4200260544	1
45.320871281	43.0759734656	91.250672364	1
29.7314475792	35.4028089684	82.1376474603	1
109.820342517	18.4387189473	82.2837281269	1
50.6191325669	18.3472150237	75.7257859752	1
37.0417352376	18.4098225556	28.1790578932	1
26.93451688	32.5329697937	49.3501144427	1
29.3650340104	24.3693387631	70.4908029971	1
13.2941663334	3.47163801747	17.4876550295	1
10.6168082041	16.1649910998	60.117815152	1
1.25646086703	3.80587093274	9.85981191399	1
51.6442195206	33.8340446673	6.24811257702	1
16.9187796529	26.0401964782	38.7752740315	1
49.4707509008	69.1268502943	10.2880249887	1
23.637050689	21.2821835638	51.6980261709	1
52.6372749582	23.165780922	75.1738922773	1
85.9734524338	-14.1774356597	7.78784594632	1
-6.58904271259	-8.34570379711	81.3030950249	1
55.9141936477	63.3431014431	90.5105747589	1
42.1426415329	18.1479670834	45.347956343	1
-11.8812440041	20.7201701947	92.4393810122	1
12.4366490669	40.3682714015	17.6139973278	1
25.5797254077	61.0126992128	51.4536787965	1
34.2784515139	47.4322850057	28.8609212154	1
18.1141938862	15.1962864882	72.5110474507	1
28.6954743602	31.9976881615	30.1159416841	1
36.9109193279	17.5792310275	91.5948363843	1
23.0940611747	52.2585577168	73.6499351076	1
49.5200856356	15.209181283	37.75476151	1
-1.02953927996	44.8350893578	91.5969814796	1
16.5251176208	14.4077851631	86.8184182717	1
31.2899205076	25.7303575261	74.9046490909	1
17.5710416225	43.9003428608	5.6361287583	1
1.69861758428	46.841478458	22.4208954456	1
9.07737785123	14.3942685239	47.0558112167	1
18.8337685689	53.7519535812	3.21240510005	1
31.2667456461	29.4330113724	78.5901009702	1
60.377526359	68.0914347146	17.9637569834	1
34.8521497737	19.1671274834	60.750771241	1
14.0778098706	6.1673910192	16.613799763	1
49.4442939551	11.2477109336	92.7273262222	1
30.4181395727	44.0094399886	30.6228871022	1
65.6265414956	50.5022870003	16.3230190287	1
27.7357607007	19.8289898317	89.64392871	1
27.5099063354	8.35784252101	47.0151572273	1
17.4185260558	32.0394027373	45.0084063789	1
57.6983691665	24.8699033539	4.16542502583	1
37.7166787931	14.8365762759	73.3542566534	1
36.6693548339	24.9399093152	85.1334802245	1
-15.4937620897	23.8689679883	35.9020954822	1
7.85823422147	22.2251482826	3.0803435709	1
41.548141662	23.6720116449	4.90863737379	1
62.0200268991	58.0947332105	32.7067507186	1
47.4339403202	68.2727476077	10.2161533645	1
26.7235247742	18.571350095	90.0173381075	1
39.432690157	55.2143867319	1.40252380994	1
34.4373817945	27.0526803871	6.65735070195	1
9.98682734447	82.7766721215	32.7580078986	1
12.1625277064	9.76271923264	24.7222482535	1
16.7837776591	17.748293214	86.851008113	1
50.6606380723	44.522162092	87.0874207208	1
31.49845541	44.7206983745	95.2673053019	1
48.7670893346	43.2406187459	7.08638349967	1
14.8023694004	60.2399329543	32.1954231808	1
42.9893136235	30.9772002465	65.3844197516	1
32.9093082517	27.4527268597	97.4710193417	1
23.3009577293	46.1470537694	63.1076638803	1
38.1808728831	3.83370620022	56.3522466185	1
21.1442196503	76.5399040745	37.3508887671	1
54.389015368	53.7651682677	55.1909010679	1
42.8585163612	55.4335914084	76.071957259	1
44.4930755005	42.0544182423	65.8892567487	1
97.7280716502	50.1396106127	92.3230230596	1
25.7296188987	9.75099131582	86.1858067458	1
21.6539890649	22.7660846422	10.3481881594	1
37.9448182667	34.8327878174	17.8710951104	1
29.6644919274	18.2173005685	24.2285111324	1
24.2488522328	33.128976934	31.9662586092	1
33.7689005914	67.0064579321	66.7054470878	1
11.8940216442	42.7344286591	33.1639706156	1
31.4139214678	38.249581503	84.8834728778	1
62.8881213514	34.0184755301	44.8865528341	1
38.4773991924	32.9404206866	4.40484250621	1
-25.7348031142	32.7473585037	84.4661702376	1
36.0380126144	-9.50258437175	25.9279651703	1
57.6257250062	24.3399426018	30.4126346629	1
30.7268515736	34.8319215568	23.1260139985	1
48.3572810347	49.4234973927	91.0046212199	1
-18.433897107	28.9981247221	46.7251616781	1
29.1914097596	34.2458022063	12.083452444	1
29.2101392703	24.4920384609	99.3904071898	1
43.0334019007	25.1535138036	25.252423956	1
19.7441711261	76.0488240298	76.2589550671	1
18.7248398208	47.1423124117	33.8080078858	1
44.5365691851	44.2117769107	7.9833905256	1
18.9062753882	31.7932680035	70.5542979736	1
40.8036839213	43.9782824499	97.430792198	1
37.7352945496	4.37102145163	88.2332422641	1
25.6491289067	34.4995077911	48.4788222943	1
43.6753228978	-7.25489864558	26.742559747	1
0.776387163222	9.53031078587	18.5667210465	1
0.464781915853	34.3270763594	30.9114975478	1
45.5993457375	29.4041521668	5.80465744512	1
55.1244997511	30.7128563249	96.4728096518	1
27.0961219533	40.635480895	20.3094307767	1
31.4619561926	45.5707571297	34.1624819293	1
37.9174703079	24.7779145394	11.6916377486	1
45.3873532577	53.5355492054	49.8277505706	1
-2.12300604947	57.8067305498	14.9032069111	1
11.2611282628	14.4809165832	76.0415571171	1
-14.4198184476	13.4893617554	49.6660708275	1
-8.38979374698	36.5077727785	65.3766222479	1
36.1244876363	37.168076624	41.5766742824	1
25.9145457519	33.3335124091	72.9195721076	1
67.2709486848	22.8038558732	9.82215870022	1
59.1417704698	29.962323913	36.6896447138	1
53.6560941563	38.0155757954	35.3981228673	1
20.3867545237	9.0846166995	31.0606093579	1
27.8950163133	21.7383025547	19.9594608781	1
45.5137677582	35.2243801081	39.40828132	1
41.6846309186	-1.47299743195	2.51456168393	1
31.1516193824	32.6070961206	31.2890073621	1
45.2392454634	54.5538076976	40.7707465555	1
28.5652270203	40.7428645977	43.6475832119	1
13.5263299852	-4.53286596017	71.6812994914	1
4.39184496776	45.3373357145	12.7577897903	1
28.4965620083	10.8664947124	52.7393426736	1
3.61958701724	25.1045596172	88.2539601186	1
42.7506476922	37.4047402435	49.2265393601	1
9.36448241228	34.7033108099	70.3334984564	1
12.4815635682	48.5517259438	30.9713194547	1
11.6406987882	51.1636984046	54.6924375221	1
33.554110284	33.2967125777	28.0279957453	1
41.8712905335	30.6498071699	95.5798901422	1
12.1799806366	46.0096581716	86.5113161329	1
25.508879635	30.4238906886	43.3130981635	1
12.9822566439	20.0252420769	81.6630442308	1
29.2808402711	6.86147757503	10.5636203619	1
44.7666038524	27.0934816595	20.3857008871	1
3.79239540343	41.9204580836	81.0768050894	1
52.9219995231	30.8726637608	94.4773036944	1
36.95564088	12.4446696486	30.2562492617	1
51.1704842139	50.2895074824	89.6660594665	1
13.2105722374	8.26055445214	81.900479946	1
28.1364707384	24.66907868	4.76865116558	1
32.7004559896	14.9979365144	82.8523220647	1
24.164920282	21.4272051967	6.53483707371	1
11.5538907633	55.355036784	71.1791956833	1
24.7057574194	25.2662434491	27.6050700448	1
38.5265245206	45.5844454365	3.58831845335	1
44.0035793622	18.5804323313	61.6415295529	1
2.70200135245	18.7778677341	92.7386417655	1
13.3223566921	21.6614214604	34.8839823963	1
36.4362070123	14.614501567	27.3612962409	1
33.5996680236	3.55655357149	65.4947896467	1
16.8819174074	30.7070917621	70.7480901206	1
76.9186276217	41.4509731799	95.3256619092	1
12.1049002195	40.3256625061	77.6966171693	1
14.5103670465	52.2966493237	88.814747397	1
-5.40873179222	-0.70371411552	97.2722213589	1
5.59152335081	32.8675947234	87.8973611323	1
11.1245355994	35.1079933333	44.6207675301	1
40.1956353851	45.4388259211	14.9564906459	1
64.6628841447	50.4744840752	92.28916173	1
21.3166397315	13.2493224036	29.6674205688	1
17.0966678138	19.3442757826	44.7771872632	1
22.9440527981	25.0882469402	37.8494664211	1
0.0932644590437	0.699217369906	18.0466452282	1
42.8922172176	75.0419502747	87.0666638822	1
4.07637144859	57.3188987156	75.1227522766	1
18.0691340312	19.9289126669	90.8961085113	1
16.6149290504	27.7326186878	10.3593003405	1
24.7233932383	24.5567276789	6.2868839877	1
23.3197863779	35.6546831757	49.6137345337	1
28.6832075486	40.1100725654	81.2865905986	1
14.3039222266	39.5211421268	53.0682236239	1
29.6527793969	43.9912629549	65.1256069272	1
62.7212911462	37.2222011988	60.2732159858	1
43.3963770296	11.3703945308	13.1296597025	1
25.2058379351	15.2441358984	25.2155162232	1
9.9421291591	23.6437945493	60.2451578159	1
46.7956145504	27.806600253	51.2308737124	1
8.68902685269	46.9116381625	59.194488783	1
25.9407016694	-8.59810214236	61.2114813119	1
39.6528724193	61.9027199092	60.1779786755	1
41.8029066476	81.3172686012	8.32658958538	1
31.4462025824	-2.22152953945	8.66509904683	1
47.2074748317	42.4213466934	58.0808146936	1
49.9751772891	37.375098869	72.5191596152	1
23.5484369448	2.89760031111	10.5140563719	1
39.7371901497	56.8849064583	55.7062802126	1
62.956667529	32.1492819772	42.9380488918	1
38.4559340218	2.74587826803	45.2390498401	1
3.65366664124	24.7525773572	58.3138926799	1
51.310179005	23.407580023	10.2947447567	1
28.0751193457	44.9045892033	24.9896801222	1
38.4974127442	51.4028420287	29.3989268972	1
29.4148887152	18.8068706235	46.9435535739	1
29.0454596016	32.045506559	75.8652328907	1
41.9357501029	32.2814699712	59.9428488626	1
40.1706547246	42.5770337574	38.2400442177	1
38.0262101331	15.5969033056	81.07531358	1
52.3363021529	45.7923898213	78.4730661365	1
36.4448346461	6.1845320735	32.7199099015	1
31.9808027351	25.479317858	3.85548966559	1
10.4846931925	38.9311571242	48.1386600554	1
41.8457807381	90.7475905954	63.3601077825	1
45.5784219134	25.234428373	22.5480667056	1
28.6668903785	27.141686625	70.1071325949	1
10.4012321707	53.3529178766	79.9218468888	1
24.5542182079	31.2041940787	7.62703688353	1
19.8510663467	48.6694694797	67.4695143294	1
-11.3945499611	50.3868002559	33.2424710974	1
59.1142212689	25.9069050284	86.438284969	1
47.4953587655	32.2224517019	11.0533421121	1
7.17463015586	32.8220317288	67.1472280319	1
-10.3018754911	43.2949693647	29.4683436605	1
22.0650899969	40.6021158268	14.8432470719	1
40.3211219793	41.7095973036	66.3162006468	1
37.1527181109	54.9443995532	45.6019602256	1
44.3674711893	32.1463494049	67.3722559476	1
32.7214750175	7.84561325157	52.2783804501	1
49.7929818291	35.1636979569	24.6902261921	1
36.325988713	51.1888403202	81.4961371497	1
33.3240047479	1.96389151756	86.5505968667	1
52.1719077571	8.84809674646	51.2332408402	1
48.9627656428	60.8914672526	23.6595360583	1
31.4502090595	4.07545725861	47.5435544616	1
11.9203261053	25.0793903638	56.0269322956	1
31.0976343283	12.3038109896	30.7617566332	1
-12.2353076353	46.00520903	88.8322476595	1
9.5075653695	13.3520336095	77.2958117827	1
51.2879206118	11.2974090158	48.6034570672	1
-5.94785144998	4.94343480638	4.76236889365	1
18.7279322473	6.0703338628	23.8821173389	1
21.0771273457	17.1576907239	91.6145160917	1
-0.784744294452	8.76060870885	28.954714387	1
-5.17377453205	7.7895991188	38.104245858	1
14.9139471252	39.1297786758	4.59916294525	1
38.4924273182	63.6548350213	44.1216008716	1
6.22713803331	0.726380798029	28.5987485695	1
14.6139826355	51.784338413	62.9863403912	1
5.20039809674	13.2855379883	19.6721852575	1
27.1681903335	31.4254443401	87.3294366525	1
17.1448908739	52.8977295645	6.99499750913	1
21.0757393801	38.7658589251	66.782697473	1
28.3872852039	26.4518115802	5.32219863368	1
27.4591471496	55.499306441	43.6615819692	1
-8.96774639699	17.1652813744	3.40855253116	1
36.0191009243	46.0285904579	49.4620341938	1
22.5790210376	42.171459447	96.20763661	1
58.5306989348	7.14276198792	86.2538046243	1
47.4585111406	14.5063214124	97.2398392243	1
55.5184375196	13.1617726835	28.2628212128	1
-8.13974216661	34.825059992	70.8660411915	1
5.99498804861	27.0194953754	4.32813068481	1
39.7848081799	-6.50339868692	19.3532255724	1
5.15773253811	-5.17135280357	6.00509040466	1
49.9700218835	30.3134749507	87.3278418256	1
18.2019089284	38.4738765701	23.5598392227	1
26.3602498539	29.7954428841	55.7277936476	1
39.0377805621	37.5920776494	13.823056796	1
32.6818122873	28.5785046544	21.3032441599	1
31.3539698852	41.3852074032	45.9827018779	1
7.24180423205	27.5009188677	34.8457548704	1
50.4920561541	54.2309502658	58.2930776393	1
31.1995318416	44.141021832	50.6965786973	1
28.4118346029	32.1850105512	7.93221487245	1
51.5125782994	36.0103822451	6.30461286926	1
6.19504314717	43.3940680262	4.58200053302	1
25.5330912813	-5.68197948763	98.7551161186	1
19.7110182095	26.3957458444	53.4212858948	1
5.40010034145	44.2311986586	53.7496931856	1
29.1114276944	17.5568936545	78.1091932551	1
30.109823083	64.1208137841	53.2523578849	1
32.36948919	42.2516944649	43.8110905211	1
61.5129474739	24.8005361774	98.1294019405	1
7.43382302855	57.7980173051	53.961703379	1
35.5829986776	56.5145489177	7.5965314897	1
21.1599644683	18.586667718	90.1633382343	1
29.1094545442	42.8707901527	59.3921234855	1
-2.73100668432	39.3316006017	6.24853196523	1
18.7820131852	30.9987703453	41.7344030922	1
31.5484163514	-5.04366521167	55.7893498328	1
3.77278923556	59.9969241759	16.9926151712	1
44.1381113688	20.5701860284	8.34560704958	1
63.6249437454	21.899948571	12.6927787292	1
64.9602933034	51.277201039	64.5335558156	1
36.8311681477	41.8092658206	37.9807026926	1
10.0493191789	25.8302196827	8.64089452339	1
19.8606627376	-13.3630372951	71.6963860784	1
24.0501743404	23.4988259461	38.212466161	1
66.1446257072	13.2978638988	68.3172965459	1
16.3349562504	70.6655705991	13.9202426038	1
33.7286181215	21.1231249337	24.1888123854	1
67.7666771002	-5.42488362106	84.3705482698	1
31.7691219307	34.8906916554	62.9322375473	1
62.4162344028	-2.19143941072	22.4636215085	1
53.4154444925	27.1645204572	5.4392505953	1
19.3601101632	24.9387415317	46.7007761945	1
20.6398472625	36.0155338992	29.4082641619	1
37.2300821431	11.0858733184	72.322551073	1
32.5786847185	39.7955656213	92.7353414348	1
25.6998766773	32.6861355662	10.4778335205	1
42.7714393828	2.40522697759	87.5172475549	1
0.360730838322	35.2690419887	29.3727809712	1
22.6644787347	30.5370010273	18.4374210814	1
22.3840464917	43.3300636388	67.6337192381	1
2.69813458301	36.625190736	41.4599948383	1
37.1662518179	16.4009284901	63.9034596158	1
53.8503620063	43.8512884453	23.7678736355	1
31.7570586132	42.8469252742	82.3896038289	1
28.129530371	38.4935821494	14.3379480571	1
47.7767973113	26.3862816301	0.224963124933	1
47.4568168302	70.9792881051	10.1062996104	1
-14.692765892	76.7711934532	36.8365970268	1
59.8036340859	-4.72328121609	53.2348900905	1
68.9188634851	46.8924174516	23.7367415666	1
30.0781978912	20.6899036861	1.77139732602	1
47.7472364964	57.8405744637	80.6068373985	1
37.4707510497	-24.9958587	96.1133716856	1
30.2748730656	46.0962832576	63.9284525211	1
28.3782148653	32.6133055195	27.0140155208	1
89.0086230504	30.6723263504	48.9162928039	1
0.258423049052	-6.60838000955	50.1081153385	1
61.1808412961	33.7007336393	4.62907761167	1
-3.55502279505	17.1516463242	7.51307900971	1
44.7822471982	-0.090590266066	13.1744310029	1
57.3551679796	2.97579890339	92.3081322543	1
26.9617568879	53.6767398567	56.2779786879	1
70.5363868976	39.69692994	74.7250082862	1
13.4236211983	32.1312882569	52.170990896	1
40.3395872487	48.9852753791	55.380330432	1
13.6153590326	-1.32680150606	30.6331847339	1
42.643138015	26.803916222	13.3666708642	1
37.7987468128	41.3006328574	76.0903588192	1
50.2833551793	10.9585597318	56.7149623222	1
36.4161680502	75.3858456354	59.2916504168	1
5.17810805697	36.2955342377	56.2828362463	1
17.3350870936	-3.21397584653	43.0193890463	1
1.28460227908	17.7975371904	36.3883832761	1
66.8171310918	31.6820549944	94.8413182655	1
24.0813393106	4.276258924	69.9678211714	1
14.2173488636	32.9703841393	66.6758610794	1
16.9491265282	-14.7429276965	99.2501740633	1
32.0264726495	13.2048908967	30.3288896222	1
75.2144906145	17.4584598499	89.4069437896	1
25.2738036322	68.4871680115	79.6162076869	1
58.7705765484	15.0938535236	43.4345670169	1
31.3957994715	34.4819865491	32.430872988	1
29.1862762557	38.277647775	66.6385088311	1
31.0318018482	22.4045238745	81.9806105527	1
39.5475357614	12.941522354	58.0364952289	1
62.0262066964	54.6484096554	95.7264368598	1
25.4446414965	42.7803179677	29.7089605949	1
19.9189076542	23.624705173	63.4777020607	1
4.034940227	40.5412709041	40.2110367859	1
71.9474579223	25.185381319	16.6703767156	1
51.1901630597	68.0938428966	68.8667860541	1
15.5798546501	11.6602874198	45.0352321862	1
57.8513420934	30.1676824818	67.6249896348	1
48.5015605355	12.4058440948	47.5015002744	1
-3.49974045438	29.6084074734	75.5138584655	1
39.0753395264	30.1589061726	81.7726535419	1
62.3466500416	17.5043180943	15.1760779799	1
-2.01975032172	62.9300722328	36.0949658876	1
39.4837135586	19.6066569164	6.93744221698	1
5.93977093249	54.1156964774	65.9744349718	1
45.3369237365	24.3035256963	11.1784768936	1
15.704008549	21.4096790412	60.1302720672	1
20.6845226623	21.9810587327	33.0222624556	1
11.8617541774	-5.69268594082	50.9134363045	1
30.3334048624	23.8621024989	57.0444862721	1
40.1356724017	14.5892811416	29.0218484733	1
25.9484799566	54.832379449	54.7610638703	1
10.2952597584	27.9045500718	72.7866981027	1
19.7377128061	9.43347497966	24.1312243928	1
19.2325841123	21.9553253026	15.367527023	1
29.4157292617	18.4587006563	79.5874118907	1
45.5247847642	32.4492057116	91.13264611	1
11.0957100373	22.7987423199	61.4138786288	1
38.5727016855	19.7368393571	92.1088518396	1
-32.723760762	36.9938303375	59.2283150131	1
45.8532767954	16.802284103	51.857086457	1
17.8029921417	32.5113663497	9.80315329661	1
27.1213716086	38.5380970958	95.1698940811	1
70.839575241	46.3728104608	17.8346247116	1
10.4690947016	50.524692568	71.0254894106	1
35.7734834525	17.6466213857	28.3736174267	1
63.4323039153	17.2969990145	73.8880772335	1
41.8124323665	5.36854363169	62.3528580123	1
-7.61040058987	2.12629720822	88.9629269658	1
21.2154516863	47.5585001595	12.7098704195	1
63.7621561623	20.5471100432	40.5415032008	1
76.7799740473	51.3517416917	8.28710764527	1
27.8986521229	-1.21344933905	69.3296334466	1
-4.95476602312	34.7827764772	8.01151958138	1
64.8650520252	12.2544103567	64.7487012038	1
50.0301827513	-14.0401346174	92.9334110243	1
19.742529828	27.4881160621	28.3614349731	1
11.5683094266	-7.75999438664	28.8652747181	1
17.9680307871	20.8442018537	17.0730402706	1
23.9765907221	36.5694639278	53.9912954771	1
54.6640841181	-17.1469635252	39.2521508325	1
10.3863326492	81.8487759962	13.2436722244	1
28.6443754221	39.4774699944	3.10684861841	1
16.9509835004	45.7915699569	5.94539226009	1
31.3765548016	24.8389410297	57.1448824683	1
26.0597751642	39.5713805122	54.5739114497	1
6.6234078874	6.53627507853	11.2699078925	1
1.83580842389	-11.7468085126	57.6152613034	1
21.9834765582	41.0131589538	40.4465817818	1
30.5056681495	26.665373201	53.6127002583	1
38.8463947345	48.8881866276	3.9533005074	1
59.2188081507	26.1569794246	20.8552438798	1
41.6006375628	-0.822001654662	53.2096160354	1
10.1551859568	28.3823732057	42.3765402182	1
38.5108065185	3.47961482038	74.5164234453	1
47.8993529812	27.0772765978	13.4469323757	1
21.9506598446	29.9278567382	89.4688717697	1
55.8521393962	43.2423799565	64.1669548085	1
32.9735719791	54.139180232	56.7143528654	1
15.4047323083	62.6050767812	98.7708566536	1
61.1983195418	28.1953633141	57.2276080323	1
53.4266983076	39.3018305088	12.1187677123	1
43.988335816	31.0653506125	92.9548539384	1
37.6733214183	48.2194845837	76.9167983315	1
23.8333369504	10.5010216618	70.6537127996	1
14.5578794302	26.4921065635	88.6377887261	1
47.1489575562	31.23004371	29.7515490819	1
40.1241037439	39.1251051976	90.1142016513	1
74.4901951467	3.46900819148	5.100590307	1
62.7631805455	35.3995314472	69.792739061	1
37.3976491908	70.3425750117	6.91936122911	1
55.245015514	17.6856814378	71.0192586316	1
56.9166914089	-10.1638353537	35.4930656796	1
18.2759649275	17.459972403	37.4916694736	1
26.7088687381	59.8102122971	70.1651322028	1
47.6808145884	9.14641641106	43.5474526969	1
5.68050748347	43.9311591512	46.3802911471	1
40.915087254	41.4533159392	73.8488554176	1
9.13171209041	34.4703003705	4.11948792053	1
36.8087434318	19.459520169	56.4620671998	1
52.4363502834	47.0905388483	42.2599129206	1
14.181488673	17.3081261818	11.2626284062	1
33.4206284787	25.8220437805	17.2982101495	1
15.3383526572	28.5528680381	1.19677292693	1
-41.8806244979	28.754734299	54.7034750426	1
23.0741556338	31.8886144569	74.2340662459	1
35.4880635396	84.4699928018	6.05975116658	1
72.3737907221	25.6832833045	39.2955425845	1
43.2311151567	22.9069826341	74.7854898752	1
10.8166465984	16.6320390741	45.0831193149	1
34.715084533	43.6666813411	36.4218311254	1
53.5509822866	8.02542639426	11.2823264618	1
-2.22322886578	37.7558460162	81.2044205085	1
21.4045839187	65.5129385432	92.3577559817	1
-3.05347691309	46.8357445001	24.3123308256	1
-6.61818810728	19.3368532556	68.3736124248	1
25.5376184983	40.0188787563	29.9124994527	1
33.3350128923	25.4764240752	86.8451956305	1
49.4010665441	32.5827857063	20.6506322298	1
41.0550593693	24.9242197395	90.0622923988	1
32.6011437829	6.31554356642	97.1119057519	1
-12.0091757941	42.8712747328	58.0481993932	1
18.8942534499	68.3592507083	15.6741644736	1
9.80162513273	22.7633087832	14.9357684456	1
40.9769897135	-5.39343212192	28.5064173338	1
41.2530933525	37.9401114187	93.2629451631	1
81.9228381358	26.7549378564	83.7437991907	1
1.45172654727	4.77105513061	14.5804685112	1
29.3422151786	29.9300153028	49.1577544209	1
58.649334323	40.647179463	57.300644159	1
44.1141445978	15.0371635582	50.7729744008	1
52.7366780916	26.5021260877	75.9340787353	1
50.8988309036	35.8740223664	48.9175147607	1
64.369690294	33.2843355564	24.7523707532	1
0.17315942099	45.2573151532	14.4206025333	1
28.5981361505	-0.638511437662	82.7465203284	1
-1.23655085871	36.2061544432	81.3611981242	1
12.4956601859	41.9138512038	66.5654262638	1
69.2160655912	56.8480729047	2.61010222508	1
38.0012101846	52.1804926914	16.4449984398	1
51.696270122	47.0800423795	20.2967096778	1
51.8134651046	48.8315999746	75.6469601876	1
46.2472579711	36.3557043972	14.0552409292	1
31.9930074378	15.2585500126	65.7697755351	1
39.7874153964	6.51396888489	3.58271740502	1
45.0153994532	50.823807014	15.1737196489	1
62.6049138527	35.2049007265	10.2047491919	1
-3.73720305953	31.656630894	99.8951844788	1
111.567037273	-0.724941901088	57.4141822787	1
20.6811951422	12.9828134647	77.9597299189	1
17.0021941043	14.5805274331	97.0009104916	1
48.8157736917	32.5453759347	77.6103362511	1
31.7195510767	24.6855599394	24.1244147565	1
32.8822068658	15.8191082029	91.3001208289	1
12.1934171267	31.4621749677	18.6066391037	1
4.05160114274	20.2637006589	89.5219904964	1
28.5908539871	15.4132778265	45.1663037856	1
28.2665296328	-2.38369173734	86.180084462	1
4.98061076479	76.4341869017	18.8131918319	1
29.9565913871	47.8112977405	42.7377793645	1
-2.32280259772	61.5182480929	80.5541745298	1
34.3500748676	21.95769173	84.0939755188	1
34.6098281858	71.4147238197	25.7996054659	1
31.1723544466	37.2042552191	81.2499662538	1
24.9026385597	34.9252141131	26.4684204401	1
31.102536268	7.84139888844	52.0320270228	1
6.66851295319	37.6039605604	96.1779658342	1
30.8853079528	24.8766175468	23.8131553609	1
85.8309163465	37.8594228137	98.6110201225	1
39.9586741258	-17.5080648451	88.5234140473	1
26.7656690251	11.680818727	90.8885854863	1
36.1024127339	30.3542505694	4.55670666084	1
32.3241621963	37.9998082387	95.4422966484	1
52.8694509439	19.7907948922	67.7136951547	1
32.8338911447	38.0373512592	37.4155697404	1
20.5501824419	43.7099623485	5.09415200726	1
29.807621703	29.8888437549	75.9613152001	1
45.7399396366	37.0041285678	79.6792125264	1
42.4787872017	26.6446518022	26.6315965441	1
20.6411523622	4.87845040208	50.2977038215	1
2.4883077635	27.6613646654	98.1297024471	1
19.7560035145	45.8034772599	13.9797558684	1
26.0237869991	57.8504081445	54.1850552367	1
25.8788993084	32.0733203511	24.9452017669	1
7.11220567598	38.533645166	49.1199923615	1
47.9426088495	19.8109860959	75.7793891318	1
46.5634641718	17.5359874965	23.746588794	1
43.7713872292	37.0155357159	89.4641747586	1
20.0486406219	21.7646040481	82.4892938733	1
20.6095785797	12.4339155978	85.0482115413	1
39.1274124289	31.6405500134	73.8911730795	1
33.0253764787	28.9763004868	3.56851815889	1
58.9455231802	36.7970288238	84.7291413385	1
22.3814003091	47.4970960716	13.2763444241	1
29.8679726617	53.09250069	17.4222567699	1
34.9868846622	59.0953681049	86.1939441693	1
21.643054988	17.0601228869	88.3885906093	1
69.7840041357	52.2759289145	30.9355342798	1
44.2311149411	34.4006182933	55.601754093	1
37.951399782	46.6409712211	65.0466503128	1
25.499650064	41.5031861964	99.4144872737	1
51.0252298062	19.4904410249	25.1782662715	1
16.143485565	9.51106327541	79.7294449641	1
30.4060952122	22.0216301155	74.2463182288	1
28.3403068232	33.3343011445	22.4822583011	1
21.2082689271	17.7577459329	0.938271956796	1
43.9997144686	18.0799411727	84.5320054223	1
11.1660855795	13.0267323237	48.0400226423	1
24.118713952	11.0733577735	81.2082556005	1
66.0454451988	47.7893590006	99.938140894	1
38.1248065149	28.0076817387	2.14551570404	1
67.9085637031	17.3450276364	59.1411258143	1
31.6766905993	55.7431822506	62.4893109783	1
28.0261209685	29.1057288218	20.1259919111	1
24.0709185837	51.504128887	60.8590971403	1
59.4851717823	52.6031360804	13.8263834975	1
12.6142669314	47.5121760802	50.9631862368	1
33.3967361939	10.8609350322	67.3763084608	1
12.1809033191	22.2447028791	98.268381303	1
52.3330519765	62.54073764	11.1187568428	1
54.237167083	38.9345665193	60.2267838901	1
18.7800704687	22.5753394178	97.5603978746	1
-0.141023538564	34.4455477335	86.9483810472	1
11.5480775159	25.509849165	72.049493456	1
1.99726682447	51.577482911	73.5351947438	1
50.0548857962	35.484784708	21.2218522017	1
45.3666270109	26.7858052049	35.1310292745	1
2.40262059789	27.1762279722	11.5170780796	1
10.6950019645	36.1738833691	30.1569534736	1
22.1337960768	40.2695990531	35.8857769033	1
5.17355237575	41.2919986245	44.2721521151	1
43.7032286673	32.687173105	38.130514665	1
21.2582648962	40.2534893686	14.4682104019	1
26.1309313525	24.1403956379	0.901046565821	1
49.613226804	44.0140931995	78.4410408324	1
65.7466429883	-24.6458434925	46.3260990863	1
47.046228856	43.5831497962	16.3622182543	1
0.285777546967	39.7637283994	85.5318114276	1
-14.8468780453	91.0773264161	42.5203506408	0
74.0157628014	79.0704626813	62.3110421198	0
130.174548666	100.485768322	57.3428919775	0
59.926934089	18.4901888653	79.996272509	0
37.2879004736	63.8004319512	45.0012811042	0
65.9209186446	69.5908842849	29.601780174	0
84.8722286134	99.2348926222	90.2850009083	0
33.228715044	94.5403685127	8.37026589608	0
-1.0169525374	37.4143086194	55.3147971518	0
104.926994346	139.191813947	33.2750199488	0
98.0420229718	51.7206828346	51.641822502	0
95.042662125	45.4883523428	82.0478393269	0
79.5981977888	86.0376377262	62.0112996962	0
118.327431464	34.3742554899	95.9457943632	0
38.8088326967	81.3122753857	91.411004447	0
88.1356979836	51.8068096529	81.3574426099	0
101.952124308	84.7777353837	29.7390149545	0
82.6315291711	87.0059374451	59.4726573966	0
93.7613425292	80.9371309281	58.1799825192	0
48.9096627969	28.6156345919	43.2808392733	0
115.738794973	82.2910463799	39.1741077527	0
29.3069304169	47.6409777036	74.3363828169	0
51.3880901741	86.7272796443	61.7148155474	0
115.696416278	50.7289910374	3.3127057289	0
55.2757399651	55.1487940281	96.3916507883	0
54.6664858744	52.6449135699	80.8810379709	0
53.4099869288	87.105532366	10.628907519	0
75.3091872466	78.474351199	17.5301799011	0
93.5853926357	88.5008590311	52.0305968792	0
47.2751048926	45.8258993912	98.3853918647	0
49.1470538754	81.1764017239	90.1748871746	0
60.5919565474	89.0684985761	37.9472244099	0
18.6709511069	47.2620962611	71.9848864529	0
66.2647303571	60.1541965098	97.7542182813	0
77.7571427855	62.4482655688	67.4244032177	0
38.4731189661	75.7397125902	33.0176466041	0
113.855785625	62.7637762033	71.8770655245	0
18.2199489802	92.0143766101	78.3487395846	0
74.6485304329	47.9740480987	40.4267785927	0
71.9747009565	35.9530284954	1.3518659472	0
130.562179242	58.3431789339	24.7922155723	0
66.3579038904	104.631066286	48.9273672282	0
56.8105168736	53.1147080248	90.8775108076	0
81.537287561	115.441814467	32.3879269126	0
103.745646353	90.2546306921	90.0551785166	0
56.5405961054	147.440434891	67.9183869567	0
126.357438056	38.3573339895	63.9414911825	0
89.1001398643	112.696259086	49.9822548769	0
85.8565134934	-22.073199643	77.289676999	0
67.0588235992	159.845411109	53.0305012107	0
52.9250669012	59.9257355299	5.6305738838	0
115.409345336	50.3935450854	48.6254000098	0
122.516108029	101.840771026	4.62080257341	0
70.1121519931	38.402690794	43.6702344341	0
87.2801693404	96.881294441	27.0420871867	0
83.6400910151	65.9300925011	41.2497778436	0
68.9435777662	123.420288674	10.4545713987	0
67.2915682353	118.873665258	22.2423691711	0
79.4329254377	65.9161090786	12.5858012777	0
18.8140085297	68.2971393613	98.1277262208	0
70.1182077981	86.5640204335	63.1316353201	0
63.7227413784	101.883339951	59.3078713801	0
28.0095790894	79.764749887	60.5832949151	0
46.5798763337	87.9599346629	28.339465716	0
50.8107515935	73.8237773141	30.5108883336	0
89.4510137193	91.4648688948	93.2489265716	0
84.7229363928	20.3203218259	84.5813006229	0
75.1196282818	93.1859074379	19.5831095606	0
61.7124180207	57.3605734487	77.3472516918	0
115.427074447	49.8956655419	4.40731238259	0
88.6909962016	82.4323546263	63.32749796	0
49.0983505424	91.323998148	83.5120472129	0
87.9577559344	102.801950145	23.4848724462	0
15.3104956503	120.190970602	13.075069568	0
92.2072900266	61.7401557981	7.74251872931	0
108.169530701	72.2603121992	98.1905677154	0
125.615722632	66.9464035178	1.31262069282	0
107.442400932	61.7273323677	40.3977890175	0
111.368941625	56.6035452172	96.6868864389	0
66.9824760605	45.022274349	62.8519479216	0
83.7218176388	99.7009045221	19.7338316583	0
119.428412788	79.9654467709	12.475742742	0
92.5636819382	97.5186843482	64.7451627777	0
50.5209377226	45.22878926	18.1870931607	0
76.139813016	62.0995179407	3.76229740035	0
33.1033312782	103.395789282	47.3053158209	0
82.3628716924	65.4789324263	8.98045095272	0
36.6470120321	116.008397242	59.7351770618	0
76.2645278866	58.4253848409	5.37651289312	0
50.3392090912	67.7454728937	37.5581280092	0
137.736677198	81.6347930876	56.8812663197	0
89.559653991	51.1641085455	41.4713425186	0
65.7832620513	45.6264828668	33.3422012836	0
96.4933913821	86.7170507541	64.0321481738	0
68.7303181922	30.6329493183	65.7228033829	0
55.0899599516	68.8664584083	7.25650672359	0
125.580165962	78.6429717583	40.0365487382	0
35.0119728393	26.2893119184	70.4903333468	0
16.3331800321	105.438866961	7.71208236982	0
93.657897121	111.837565747	77.9981030085	0
49.9953201009	110.775704383	92.1975814855	0
99.8933145911	-3.58105531699	96.1532333132	0
97.3228021819	38.8770833276	96.5094602539	0
8.60014583209	40.8394181102	10.8450276871	0
83.3305218828	65.6686822823	91.3817562855	0
119.785312461	74.4681445804	75.0540785229	0
16.4117512207	112.220876478	8.85158308198	0
129.120649834	27.7693951394	10.1386450457	0
41.9439659595	75.3634308047	51.3230201975	0
69.400570335	103.739686022	51.3092681745	0
66.5427748679	101.511253661	5.34605784592	0
52.9966253332	92.2552256629	96.4426919488	0
90.7884844642	59.7308082628	90.5493128403	0
103.953677638	73.1347975844	62.3179944231	0
91.8221353928	103.46080272	50.9198296407	0
105.739879983	84.2228319806	37.3324035578	0
39.1412260988	1.34265957239	55.8890908543	0
52.1676582839	50.6276841196	62.1558342024	0
120.098411253	47.5051980721	77.076555805	0
66.8811502843	15.7310257918	36.3793532619	0
59.8102573098	104.968989917	27.7195632944	0
79.8353642034	33.0055589006	67.8104918454	0
89.1053581811	58.5019305055	60.2590745919	0
102.491169891	8.70738592934	0.0464171568696	0
59.9941775731	73.5112204936	71.7200705535	0
36.8347844595	43.8033482941	68.1447959867	0
66.8715556762	77.219267588	50.2325313719	0
115.79508859	121.988810868	6.08850805222	0
35.008888007	62.1780892174	66.6754629361	0
52.50344982	67.980708744	93.8743211282	0
93.9066673708	45.6790885448	21.9938386143	0
63.212883874	87.6130010171	67.2468410752	0
66.8915063213	30.6653183827	49.3173642231	0
88.4387129441	26.1666356212	92.8227177514	0
126.509761315	65.8045921646	19.4773255364	0
56.6610400625	121.162185221	47.4858457438	0
100.364461378	41.8370240504	94.574838242	0
98.8954432214	33.8950612733	80.8974774785	0
42.8474587076	10.6779933182	90.9523275401	0
53.0291750182	72.4496722161	17.5702931131	0
74.9735029042	45.3736670037	90.8872421466	0
42.4487190884	128.622658868	36.9786746929	0
71.385175405	38.183979125	47.5104470068	0
32.5925719777	47.2978866288	65.6687255521	0
67.8623865387	80.1984785126	28.1538943312	0
69.1792187918	47.9896795785	41.749733185	0
84.6067630187	58.773028916	21.8112783914	0
75.5648238499	100.618938438	81.1776891023	0
74.0901388856	27.7443234359	65.2042053976	0
42.507172666	21.884133267	52.4912837462	0
36.3577577183	103.423974268	40.6706838613	0
27.6165847113	64.7906374826	88.3718905624	0
63.1351796269	45.6482343274	41.7939884778	0
77.0172650607	60.3554217685	14.0200335996	0
72.0814315238	124.432957881	7.60760583014	0
121.14467949	52.4754165246	58.1305988347	0
53.0643749375	75.9253775988	64.7006905353	0
143.849289708	57.9438347045	79.9413383932	0
59.4380393879	80.980697037	93.0678101205	0
88.8850413259	94.9733970002	52.9967080234	0
64.0554271064	50.671868552	54.1476254125	0
63.4286261041	10.5584781233	16.5390531707	0
89.4514512571	67.8658468474	26.315823073	0
102.679309687	66.5172421845	63.0467840506	0
69.7815432235	32.8702349344	5.63876444977	0
51.5600441117	72.2986750505	33.5690329166	0
62.6221366013	74.4625664362	38.6132984806	0
44.9527187458	55.4487928984	1.70754320802	0
81.4772602216	42.2587729098	55.5944061273	0
68.931708715	61.9213099229	5.61590995676	0
74.0518275232	46.0680243982	21.691494383	0
33.5424840062	73.9976666018	5.72541867171	0
24.0490798718	50.0109112363	43.1175391895	0
118.64110502	89.7241658032	3.19108362123	0
78.6160200283	41.871867482	84.9103496918	0
34.385334573	116.998269292	66.6910120606	0
81.6020358818	19.4158006968	79.9331970237	0
94.4460571396	69.6067222639	34.5899242827	0
10.6134301604	97.3589102934	73.4653803941	0
61.4355434712	90.7968641436	86.7007831865	0
64.5742175787	81.2802631453	25.6771520919	0
74.1832539214	38.7738127637	38.5705103441	0
74.3176110064	23.7281823629	92.1829973038	0
57.193846063	110.471343569	87.3329818576	0
28.589241253	66.5907981301	96.1494766477	0
85.0077494818	81.6315804056	95.9165884645	0
102.731696562	72.2644437278	71.4817704878	0
88.6624496522	48.121965738	20.3572720988	0
57.2579883861	104.929328894	20.0705775953	0
56.6593899812	62.11659023	59.416527045	0
43.7130016791	-20.8534036265	83.0884240196	0
98.6795936587	94.1769813484	96.6833018432	0
105.58339012	1.71043858593	53.3028045641	0
89.0430282754	53.1106795408	48.9249080863	0
46.1666136447	122.586390187	1.18064790238	0
81.4149216375	65.8943570039	8.15155627078	0
100.023416627	67.5754765288	47.7916419963	0
57.2610725479	135.989937499	15.0793114967	0
100.462427665	126.430154409	69.1531615475	0
100.637497123	97.2087770955	28.3282826245	0
79.6859442626	30.274670655	42.8761659264	0
15.1128643036	53.2114170489	26.3172957088	0
44.5478653829	24.8360151524	1.35154176146	0
49.8035704244	51.0985077811	63.5632626545	0
94.6276940377	27.7836565196	99.3569230474	0
141.137678253	90.1909252943	9.74833646915	0
78.5072411918	63.1364627758	43.3559948181	0
78.7810154959	28.4091039996	52.5817432106	0
107.095258927	95.9487485705	42.0379371609	0
134.814626249	23.4177092961	38.3701773978	0
101.960554907	60.2311408691	47.1000316052	0
66.1271908094	55.4710194918	81.4550013746	0
52.7466698813	22.1769670402	24.1874941301	0
89.4671706806	45.9619756817	93.6528138232	0
65.235670366	58.715484191	68.1473042125	0
67.1469431001	84.3818251749	30.0408338765	0
31.5627503384	92.1078175498	72.1758858015	0
60.4390197933	116.419642347	7.62203536988	0
77.5598009855	58.4594732764	95.7905321303	0
47.0283763218	101.509678742	46.7229125299	0
66.0680513224	59.1347077203	97.4507260202	0
83.2738616568	88.5793343743	9.53259436539	0
22.5702254472	53.0425778899	63.3045081571	0
71.9471370749	97.0579917951	25.2379827803	0
14.3555810637	63.6403356602	79.4508943725	0
104.958033486	6.63385512453	12.043576254	0
66.5100853213	96.0402246581	60.524415335	0
78.2784107835	105.776514046	87.8021725473	0
81.6131928994	89.5227355823	28.9724615889	0
71.8887518616	56.7051551106	88.9251694216	0
55.1711693109	67.9597278477	0.0451986277016	0
85.1158721185	47.4394096307	22.4139448482	0
80.0965010547	140.63249034	9.8454726045	0
64.0577378912	53.1831041612	73.9455229341	0
37.005927834	31.7415022207	17.3186581196	0
72.4339449271	73.3797960992	11.4465993754	0
75.959344959	60.1386146794	96.8507706787	0
83.8811054347	94.5613806272	94.3776320592	0
109.36691306	116.287162756	99.5159899403	0
79.7317249265	92.9026280733	3.808869834	0
97.5962956932	88.567320909	49.8235094672	0
59.1648458266	109.857506476	12.5796383671	0
65.4288019184	21.6980986848	94.3182901464	0
88.427464175	21.908354184	92.6785017007	0
127.75824617	67.6082563467	73.891049985	0
101.801967414	92.4156640631	23.9069262877	0
59.2763571871	77.1987447223	93.2964186983	0
65.996985581	80.0652266311	4.51547437123	0
77.0627272688	78.490561922	88.8321771519	0
77.3189783129	10.9388239379	50.7987601046	0
88.0710927835	70.6614992927	88.0900612721	0
107.436811979	61.9064961168	67.7678210401	0
135.39329541	52.052315224	3.21937211378	0
93.8076378804	55.0951986984	88.9465097745	0
-20.4462069608	29.9868415739	19.5812094126	0
122.829086316	85.6543147117	61.6721554415	0
102.750209626	142.62640992	58.5399712958	0
51.0546380123	57.5857709232	69.4408633498	0
123.95142079	49.2842359864	16.6932028079	0
88.8091525849	38.7045284176	18.4381038854	0
37.3580607175	76.7332985977	94.7422057365	0
103.469761804	74.0631759032	76.0957969441	0
80.4657148251	101.136490818	11.4922738407	0
82.511911004	70.7689450518	54.0829475902	0
106.581847566	22.4375999028	92.7317691738	0
82.3539069967	57.4922205204	85.4438743004	0
114.368268704	161.534787914	40.4190707406	0
86.3892558138	72.8244055257	17.3800910268	0
53.1711105397	39.6321272427	53.3818518754	0
76.0642414909	100.307600172	56.3187690722	0
140.641680956	31.6632553044	90.9758048481	0
57.0219688586	73.7700396829	18.3791479849	0
111.85994959	10.7982137701	17.8055712968	0
17.207051054	56.8800258165	46.4813443367	0
103.933979982	131.821452657	98.9464125893	0
103.73186911	29.4114114731	45.8402388799	0
48.0988208815	61.3105572559	24.9943774303	0
78.3987695599	33.2701388654	44.6709396724	0
119.455175745	82.7503403826	69.3294505307	0
97.5810713641	110.211146386	0.1416673532	0
72.0038654918	110.808477821	23.8286234027	0
101.270843162	94.3904724657	12.1642108197	0
52.8325441498	46.3063918503	46.2375281284	0
84.7711918109	66.4217976515	78.2284300887	0
44.5883331508	94.0670785142	75.6910465816	0
47.5199798667	70.7843372442	36.3988818794	0
58.1689054893	29.9137767798	20.0630344689	0
47.1998439201	44.1692434438	54.5456216237	0
146.512384584	62.636674152	50.1150477375	0
68.0301426102	61.1584375041	3.07425687764	0
75.9686037656	98.7741538228	34.5114744275	0
26.9236982964	44.5461431982	81.6549095583	0
61.3405555332	78.0798968135	73.4625395165	0
28.3476347567	93.0436836124	80.9465555923	0
12.8239113445	106.206999342	4.86213161284	0
94.6664847274	66.9993801786	67.2553587639	0
61.2413521285	98.5701007456	9.81108436961	0
49.6706855678	64.1965009493	14.5172197052	0
53.6267165517	30.4224367296	58.6612614517	0
84.6502213745	61.1679146375	87.6769790099	0
74.835050074	16.2432367274	74.9003416715	0
73.4549333832	94.2066178166	6.52728879869	0
81.084459299	69.6387801676	22.0437741443	0
64.8038594819	78.6520444784	35.9311337794	0
34.5780958441	36.7258751126	0.704968218148	0
57.2245994347	51.6392583166	21.7337399048	0
172.111023629	102.610228486	70.0579961866	0
24.8131202193	59.1363665157	75.8654241446	0
69.0271223528	35.7382402905	51.1322096595	0
80.4343535243	45.8833329187	15.6449487108	0
55.4842724311	80.5594624677	8.82498524203	0
57.6309205562	86.6236580269	93.4444232935	0
86.4296484419	25.8877679937	69.4081621018	0
31.2401023454	31.7856619187	88.1186556279	0
10.830725962	32.2301978458	19.868290312	0
62.2264336639	39.6691795172	48.5953056117	0
101.607078099	94.6244004334	70.8082322293	0
70.608377956	32.9418911237	93.4726262538	0
68.2354421975	87.5271859102	3.75797329629	0
73.4553399126	70.1350676144	65.1650629305	0
77.4667697487	42.1565377374	89.1341615459	0
91.6822001411	88.594415478	63.5211693825	0
122.113665986	34.993307418	80.7511703343	0
50.9153572984	31.6072325925	83.6258198811	0
123.441593613	1.90381952386	65.6658562519	0
120.906126291	44.0485461744	22.0802091866	0
40.3476753122	56.2074087239	94.2233119047	0
98.2593573551	34.7189217629	77.5403536048	0
70.503654906	17.4393692196	47.7484227059	0
29.3219288143	62.4400055843	79.0965698923	0
96.0118166364	60.5714714061	69.458006321	0
106.373417279	63.5622351012	50.7129707824	0
99.3448713795	101.934449725	84.5547171665	0
27.5976374096	34.0856039306	28.7161979117	0
83.1477715184	94.2638726546	93.744341441	0
80.7698423574	56.6000250194	85.0442177909	0
62.2244464055	53.1821245013	90.3820292537	0
103.950155505	39.0831423728	69.2077336223	0
80.928192219	58.6470136277	81.6769474936	0
34.3216491541	66.1402979328	14.7356352986	0
80.9248649492	120.942038638	79.561960861	0
70.5222160907	75.5163412349	98.3144357082	0
54.8771933365	54.1128882711	16.1122520454	0
126.835354556	10.7443081994	87.4443771394	0
26.5044561834	110.264838978	20.1231001249	0
96.8768022662	15.6809604981	52.81220821	0
78.3799730862	136.396919426	27.5885715454	0
104.700045296	3.03627811634	23.9731904226	0
20.2979128996	94.7980602859	38.2393184538	0
44.1868296795	98.1286282162	95.8347360866	0
127.54922546	71.9556157494	45.0398173566	0
95.4595026765	65.4323943141	55.1600842329	0
71.4505076598	50.4380678628	70.8558315651	0
77.9991795657	115.453438798	57.6950084899	0
100.318378325	44.6824876314	21.0514248808	0
100.284831042	52.4335722911	52.6560695858	0
36.9988156839	43.1926007415	42.9199167601	0
46.7039000876	43.4692054195	81.7599185144	0
50.1472989615	32.2987174496	71.8828071724	0
85.2118595854	85.0725327472	62.0084067967	0
48.540078877	55.4496797458	1.61052614552	0
73.1138184097	50.6371243385	58.5604397256	0
94.0554384194	81.517714943	19.5784235772	0
42.144341948	58.9642184955	60.2125257446	0
43.0161580776	19.4343705705	77.6991067902	0
41.6746214902	115.472038922	13.2100235865	0
42.9029397894	-4.45050109316	15.1410911537	0
69.1920117252	113.262128158	5.2728863253	0
54.5630708335	36.0171088108	17.1655988005	0
63.9204884854	49.9872590133	89.0724602403	0
81.6949009418	70.5261252914	70.6519171097	0
23.1458830671	65.2378215017	33.4323458176	0
60.9667713047	49.7547368981	4.36304308618	0
57.0339410337	115.801738727	7.32456485068	0
55.7570359143	63.4679824872	17.1180825337	0
77.0147238665	85.6119129495	78.1409530089	0
24.6853860309	182.509497734	8.02796820067	0
34.6248637184	79.4915638496	12.7258561792	0
73.0125837124	-11.3794993859	33.076892498	0
74.0740808159	65.8394478002	46.1867518835	0
53.0527124731	61.6992774831	66.2510182271	0
32.7554099622	84.8277540433	97.0840509577	0
2.89230546624	105.115464405	29.1145594693	0
-6.68440230861	36.0931774518	77.7811891094	0
64.1663904347	32.9042594895	73.312769883	0
95.175896665	68.399505695	73.0998629617	0
46.0868036274	97.9356417729	25.502009903	0
78.8790755896	55.942655047	1.08445426457	0
105.071966502	94.6320601815	55.5540044664	0
89.5906702386	20.0533117755	17.7225507856	0
57.5776977353	68.3858053036	96.1434276165	0
74.2023515289	55.4019016752	81.64749807	0
66.1401861671	101.033770185	1.09837086209	0
12.6135078258	93.4769422085	69.9344140157	0
77.5157541615	45.1940679287	42.2419808695	0
50.2685083484	110.80549554	87.0919918113	0
63.2489296896	15.9567483813	60.4129717703	0
114.034620839	81.1349252838	46.4514661628	0
105.681894646	72.9470504083	24.1277823202	0
94.7526889834	59.4474495473	56.0305207337	0
75.5979207034	98.6733214101	1.8018368201	0
80.4211992381	103.76016873	1.56556526866	0
82.1822324869	26.9411538633	93.4422815391	0
67.5410266926	24.1750127109	63.5564000525	0
99.6545516474	30.9285053037	87.4832047161	0
62.0254448714	89.7167451076	65.1674373964	0
93.2176886328	53.412095763	8.06350192294	0
75.5509236671	28.1589978511	74.8744107592	0
110.606570789	30.546269368	18.799132943	0
64.1911106315	86.7571242822	6.07975491075	0
85.9857614873	117.276638594	12.4666110632	0
52.0822518871	68.6135630589	3.07843826161	0
82.7907360881	87.0419994796	41.418124139	0
48.5692661043	50.7388784621	49.8765623123	0
74.0959325267	42.1597704036	54.3265737464	0
92.341116983	70.6669511729	79.7057650359	0
39.4231756674	41.0911402791	62.6362227336	0
42.8763486269	89.5729813043	7.90222918762	0
56.2681432079	98.4943540405	98.9818151642	0
109.410708746	71.1282291916	6.48014735898	0
78.1228649392	31.3194217131	72.6577059055	0
78.4292825077	108.394535259	14.9125504313	0
83.1062750615	82.9554285755	90.9706031003	0
59.3503966652	66.3889177825	33.3029694001	0
67.3249799473	104.180072948	75.5244203248	0
48.4742270051	73.6856845117	68.0405684431	0
28.4669583604	75.2194878487	88.2587645313	0
81.8897804954	30.4862643921	38.7442480453	0
79.7970225015	90.351311142	84.8990037679	0
50.0738055282	104.372187219	42.2662640405	0
54.4877690459	26.3140325461	77.263504804	0
72.4723196442	51.8521280777	98.6840124944	0
62.9973264358	75.1426153337	98.9562486638	0
82.4357130283	35.4847228858	70.6928334203	0
78.5289178411	41.4201692868	59.4024741701	0
92.9154534414	95.3675856877	85.7188866404	0
47.7954420698	83.9380250596	65.4626025292	0
171.637158091	46.6514582613	2.58947781263	0
86.0865280402	35.0678237946	50.7793845899	0
69.9951898773	18.6941160603	72.1443856626	0
82.5633024987	89.3247279148	79.5180214307	0
59.2869473259	113.1678746	28.0587685578	0
121.406558688	70.3467086779	96.3682156716	0
112.227340089	87.0512256843	8.80016122766	0
40.7611949719	19.7840529896	87.1130717758	0
77.5213197795	46.122895269	7.95583077283	0
75.0844233236	25.452184877	74.4726317322	0
84.9815146435	89.941460214	47.9694113762	0
92.3303075683	68.345437735	58.0411594458	0
32.8972308787	49.4716181426	11.8054976888	0
40.4881485303	45.9090630169	71.4813055418	0
67.1978181389	66.5014662296	69.1714304721	0
62.7826136847	62.8800750408	97.9459959382	0
71.8819674222	54.2240764528	98.0195157833	0
102.419756753	88.2841979572	42.0950452527	0
77.0664293192	63.4280234274	66.663403886	0
29.6032287043	62.672800752	56.0760896209	0
53.1899873147	29.0404284477	66.8890631927	0
76.8193243475	48.7718356031	81.4556701133	0
65.9599303695	79.1916723284	97.0381969708	0
107.674427192	108.549623941	51.3181667038	0
42.065124406	63.4928666685	59.7413147095	0
36.8066984009	57.4263329183	16.9551842658	0
69.4266571734	69.0280489698	72.2643416795	0
30.3201824147	64.7984153038	30.1094822978	0
47.9919335072	87.583437936	3.8311472601	0
82.0497193902	79.9033169253	98.7368796226	0
60.3091356755	120.221890558	75.3214021253	0
83.983119516	61.6789809046	13.6292563973	0
100.407525971	67.7931623048	98.3427747192	0
101.538522622	36.7223851026	87.4871721662	0
62.6222922156	50.3393583457	4.59689242745	0
113.692548808	41.5893986132	73.9384627764	0
71.9894930089	69.2853369749	91.4010114533	0
91.2576082852	96.6923689237	99.4905768728	0
27.1264171838	60.1967206455	37.4940311543	0
54.11109684	118.084654537	1.29738692462	0
46.385722174	8.26057982545	60.0145047352	0
76.8838842628	112.707648711	12.3730920851	0
39.3811402758	66.6253440992	56.4100091584	0
59.2638812851	86.0674410266	89.3763636222	0
43.58810514	66.9952065309	7.21970042243	0
78.8839212387	55.7178610088	7.40216067446	0
93.5600293715	78.5505950805	42.9019253257	0
59.5019085012	15.3627067509	99.1875213438	0
76.1342732722	53.4596053604	1.5252619898	0
93.9522256506	88.2470967124	40.9479985125	0
124.402400197	44.5400605934	75.653003731	0
59.8591803832	24.3526456147	21.0857724819	0
81.8793384216	106.490951649	29.1726315522	0
71.8522294248	22.9214841497	93.1861823542	0
97.5407047572	120.350813471	42.2955976961	0
38.5838403774	71.9296904784	6.36427080349	0
61.5401047723	98.0259109457	97.3043220473	0
113.567295796	75.404200673	48.1667813055	0
8.735678647	81.9758400709	35.6375302385	0
86.4076957209	50.9166204085	94.57755748	0
96.8451428206	119.208822001	20.0414547557	0
24.4105225697	66.5998974635	70.5424154956	0
83.6432752755	111.604981214	38.7684048737	0
40.1829052932	13.0361791412	92.7474453413	0
102.611257328	84.7795528742	57.6189818512	0
119.831862716	58.5571125227	60.8669666628	0
71.7525661398	71.7271492106	11.5220254122	0
80.0657785291	109.360848875	22.0069059611	0
87.5113428085	123.025762571	29.0653574644	0
92.7110837053	46.7540782034	95.6104001008	0
86.4830458432	104.937142492	45.4702867241	0
34.143563377	136.43830731	65.3402285961	0
103.037036673	123.403513406	66.4907152647	0
76.6086262867	40.0809641034	25.1377556378	0
60.342743982	65.7557763558	1.74444615869	0
55.7584457719	94.1527688331	74.7800612888	0
130.629870317	103.942089448	3.40753634209	0
84.1403208885	31.0893220928	90.0080192055	0
52.1892590006	111.567641075	50.650239398	0
55.1780070663	95.1027896778	92.5058697508	0
100.626399383	22.06739487	88.8885507531	0
91.1384099939	110.986362203	27.9321849825	0
58.9650236934	13.5481571304	23.4027692425	0
80.4031307821	86.2208578119	51.4609420591	0
63.4202082377	75.9755642363	64.7330691491	0
63.3905071507	62.8433377718	69.7609949448	0
49.6578325951	37.5713866616	92.2722443763	0
39.0978668336	87.4228978874	7.15516797153	0
54.0687910333	91.6427616194	74.9749026366	0
74.0710733284	77.9072049115	17.1536135628	0
60.4339290598	141.966876971	14.1693395017	0
50.5507896526	22.1603454305	54.2749523919	0
63.6403041282	39.3867655034	25.3740563221	0
63.1459501534	86.1855937948	74.5858633795	0
48.8650653188	72.8467167418	28.441761151	0
54.6997466874	52.7156698525	38.3923337781	0
74.9536284876	76.2103276676	30.7634914414	0
77.0751478503	94.6196822634	71.0353918606	0
148.218417588	87.1363825191	43.974015614	0
73.1035414165	74.4576827204	85.5012491258	0
79.2996748456	22.3312267192	37.9329676447	0
101.075320201	122.463844576	73.5831461704	0
79.8653811876	111.16925868	63.0985111116	0
54.2690938157	46.3659048854	64.1033205226	0
66.0259834775	138.556496413	11.8813628191	0
57.6592020019	55.3985316684	18.7475033858	0
115.725161483	16.0161235334	72.736328721	0
71.1690192242	40.3977279316	29.5414757339	0
109.035209549	87.4628777459	56.1722713986	0
58.8328314212	104.801064592	65.2922124436	0
47.9155576189	65.8038475586	78.7927641446	0
61.1297889387	74.0930609307	78.8757759495	0
101.116889814	79.1310762477	44.2764336675	0
77.7195471249	89.7243090016	39.4166163185	0
27.6945836718	85.3835902567	96.7546601342	0
45.9725429537	44.1925877414	9.44804566237	0
88.0340502814	122.2135115	96.1776084554	0
-28.32741566	65.5334821374	72.9012967113	0
34.7513218913	103.327860913	37.8556871006	0
88.5304411252	98.0124011594	62.5900656014	0
97.228628677	101.513529767	53.4047340933	0
112.351096857	73.8745780677	56.4917880889	0
119.049429798	92.8406998816	92.5688696636	0
53.925348551	55.5391668149	43.0212644439	0
-0.755608634744	69.1215430722	19.5554278216	0
58.0212392256	41.0954561413	66.6335321154	0
65.6406687185	80.4694801399	33.6732650337	0
99.530559458	70.6565555459	64.0468671622	0
42.5287660315	28.7725060994	83.954134219	0
101.131112002	95.2664018557	4.17178790881	0
122.990227023	69.2239463614	17.5904086464	0
-1.90103739477	88.2156026615	2.29686257987	0
76.6849963472	108.241215935	65.4189712371	0
76.8250675943	123.30799827	27.6835835845	0
75.9717829891	93.8970570752	4.88878239822	0
83.9741818642	105.860328762	20.6931228625	0
106.749331705	73.5909610817	54.521516145	0
79.3213954469	126.163419658	72.6192978078	0
91.1271599032	83.9398720538	12.0963891894	0
100.916977126	21.4846548092	8.76835063475	0
77.9758429706	76.4536695327	0.48064313002	0
65.5078645956	55.2472149777	28.5307095879	0
68.7399815389	95.4982022958	51.7296038157	0
35.3877321052	70.4234623033	0.981878834504	0
54.8235571428	69.3685422032	77.0890846998	0
110.023760558	53.2848368523	10.7799011268	0
44.8101474675	49.2548595112	18.2491095707	0
130.716649961	136.478810758	10.9085715469	0
19.6875429153	118.812889105	58.2638743291	0
67.0068430795	26.1912981879	1.37948543807	0
86.1016130293	36.7445845779	57.1687542138	0
92.3633247722	50.0359611378	91.0770605225	0
56.1438750286	93.9552493951	48.7752974497	0
60.6565956087	50.2493011256	77.1606734787	0
62.8675387589	49.6635232899	80.7099129554	0
39.2710369141	19.2099767396	7.66164101973	0
19.8360154137	13.8694022842	79.7286978326	0
71.4580954605	34.236361415	64.7703906042	0
69.7647934556	143.678837004	80.2183825099	0
67.1798398551	108.646518042	41.9970899065	0
43.8678390147	121.684398406	52.6653058664	0
62.1270327433	53.0220917982	33.1317306022	0
73.2165293282	83.5482992283	66.6015583463	0
28.5366636107	41.6453388052	84.2651245851	0
72.4843795441	43.6550020423	14.9926157893	0
100.225530545	46.1498259066	71.6883489055	0
98.8216520226	64.227003456	75.2331814553	0
53.8079074972	68.3221337062	64.9659095156	0
41.8714637225	62.1599461351	9.37014701979	0
88.0042973128	88.7430013938	38.7236008297	0
38.2995841376	41.1408556469	82.1147317336	0
115.886856951	73.8848006601	90.8614652623	0
125.528688225	88.7909698482	73.5894390406	0
94.5955646225	55.0669339076	40.9335466156	0
113.127422136	48.793910679	87.5719930426	0
88.7873978053	68.8905682008	41.8716825126	0
58.5375276131	77.0840744199	54.229304621	0
100.361037481	68.3508481081	47.6665285593	0
67.317521631	10.68897081	37.5918340168	0
96.9031147296	99.7517095583	68.4746411385	0
46.0744225245	28.136103994	80.4972654429	0
97.5366245381	82.866781286	95.8680348282	0
55.7795024558	41.3735597937	48.7763253296	0
90.0223071509	45.5789260323	6.42140210727	0
133.59884736	115.649252753	55.596434509	0
29.2716390836	88.5435760084	17.723974061	0
26.4087183499	3.78376573424	37.5713403118	0
85.6391043253	86.7635727163	38.3342674438	0
68.427655555	48.1768401369	0.516050300042	0
67.5623485077	113.300446302	48.3306933595	0
71.5148721245	70.8472239981	53.3129761577	0
67.9163203496	77.1907421106	36.9474697282	0
54.408163985	49.4014694906	32.058704722	0
140.169088021	107.714143219	70.0007273253	0
53.8368868686	114.323089782	66.2058084325	0
18.6227527986	48.8429468874	64.4412358994	0
64.0168944836	74.0751086845	33.9502027769	0
93.3826291929	70.3756976677	59.8794370893	0
63.0229633143	35.3438944339	55.9382321795	0
66.9898918904	71.4252635175	35.8977918431	0
67.1101320317	96.4126778835	56.7507617487	0
64.5200035819	76.391891091	13.3821548124	0
52.4968622786	106.394978167	91.6081131589	0
76.8794302241	81.929898328	58.2026241762	0
89.5680030912	75.3323555151	38.0095242205	0
77.9839351988	76.740255196	87.8658422596	0
121.086751344	81.3386723567	5.02491625538	0
15.1415130387	34.8416203528	70.0793332673	0
36.754155828	85.1184315912	82.7014388276	0
111.244859179	90.8258897844	60.7484861509	0
28.8834937112	103.452059678	67.2748504132	0
88.9587470012	59.6761500276	96.5441601914	0
134.732565217	93.4787796332	86.203541306	0
21.3682105942	92.6950423628	26.1975245619	0
44.4334344724	33.6610655899	75.7730038673	0
65.2064744625	30.1335197655	19.1606067052	0
82.5801451478	79.8277577112	72.0467519227	0
73.360205331	87.9365185612	71.9410734746	0
61.8245865611	87.1704775602	22.0933236102	0
68.4614109475	60.3136828116	95.0042259393	0
59.7427989027	32.9791943686	66.4572049036	0
87.9067751976	50.1448839829	92.1426576149	0
108.74639494	38.3992303853	50.7175038262	0
91.2268944467	111.736610352	81.9689217814	0
76.0415658527	82.2705742286	8.29075072079	0
70.7690696191	73.2714556127	51.2359915822	0
42.3238699221	71.9665243723	65.9426357974	0
68.5413365792	75.6872003778	24.8555491338	0
114.111514686	72.2436574481	45.853036226	0
130.495780441	47.6384375227	58.9912067916	0
49.6855321885	23.8352566117	5.04440755518	0
119.845158283	56.6590069942	83.6495512428	0
85.2662767108	61.1094229847	33.5659684347	0
89.184471527	65.7433613876	22.6193499896	0
34.7630678105	64.9473632818	8.20034966846	0
92.0489311059	102.55160671	92.2372807254	0
61.8709371152	91.0666558431	31.5282424591	0
73.0986977072	94.5108986883	50.0173387784	0
-4.66878806715	98.0737147737	14.3901615418	0
59.750414654	5.63824593226	95.2005287946	0
65.9508613436	50.941054889	47.6670718221	0
71.8602535592	85.303537301	86.3555007317	0
77.9056116475	81.2683586044	36.028932155	0
86.7315007378	80.6342738426	64.5210004055	0
123.436772393	109.463927822	18.6296530555	0
34.8261808985	77.6214929551	72.4925846167	0
44.6320318186	59.4910227304	42.6174744342	0
96.0402872505	82.0654475764	32.9590122835	0
32.8382171337	30.6748884414	92.4245850124	0
76.5166593611	67.6929515359	62.4112557308	0
80.6028134742	34.9819238055	73.8525218644	0
25.5710396354	101.226641054	48.1594893853	0
87.1189138293	69.1001342644	5.63388095054	0
82.0567723093	29.912137247	35.5674391356	0
18.4150576515	6.48962369774	83.5196876855	0
79.5544698798	39.8420213761	43.2789187328	0
69.8692848102	76.0859306936	6.50637157789	0
39.6827172433	64.4689796752	18.3327089079	0
86.3552470006	54.8683206201	13.7672927442	0
85.5571110819	71.399294159	39.516728116	0
82.423760632	66.8495180266	63.4827613219	0
82.3836953255	18.1633247676	18.3952990908	0
58.9957394314	65.194496743	56.4800510141	0
63.7697954883	30.6373117242	35.7592788539	0
65.7890112414	67.9351913959	40.2780545893	0
91.3146661952	82.9346165444	5.66517632819	0
54.6834632511	57.0952035311	37.8427858782	0
86.8426003749	33.4941587463	47.0247516213	0
19.8295482024	70.0957374715	83.9996004294	0
36.0658615989	101.599485288	18.3615516844	0
39.4617156864	73.7340238966	95.41250681	0
77.8276781186	45.2942157146	11.8142905941	0
65.0076114153	91.9677992391	95.0063846509	0
40.6125965469	114.388451337	58.204773254	0
93.7348476773	103.405372919	34.2724066969	0
70.5029979573	59.471950119	47.7249447066	0
42.7384045542	51.0728595543	76.5266129152	0
95.5335346976	29.0156193802	71.0366175131	0
80.7674717638	119.445246732	81.6790095572	0
88.1500507256	64.4584340156	70.9116866891	0
54.6927876666	21.9382555923	62.4002484941	0
101.841843472	36.8492337451	35.8488502187	0
36.9306382121	17.6915050844	99.9230482162	0
68.3726280987	111.252943868	29.3522037593	0
74.0395661734	62.6314988125	20.0630631524	0
53.8126455401	22.4084896438	53.5017967688	0
110.538863	64.8904814506	27.3464818714	0
25.2428462129	-9.28433387732	27.045039607	0
148.628027105	104.974170885	23.2232921193	0
45.201302309	85.0595267333	71.2325689636	0
113.84467051	68.0050948438	32.735361412	0
56.1972023115	71.6425006273	19.150693439	0
75.5418389531	84.5971559613	53.4537375385	0
68.5411546792	63.6296011027	14.0716754676	0
51.5576258059	53.5775965685	25.4003775318	0
72.6757193399	89.0897227505	62.9737287923	0
29.3113061907	42.1413905294	0.460336960925	0
43.0877524452	107.53181154	8.38178164523	0
58.9930340329	115.634039203	50.9685519737	0
17.7095866312	38.1998017456	13.725340878	0
107.223090423	49.0114655116	66.563418401	0
70.1165522064	70.3424829926	14.2856124416	0
71.5056490777	45.2676832231	19.8523144988	0
28.814137093	84.7115826131	9.84021021807	0
108.767791277	55.5512662875	13.5439699848	0
94.2097614402	122.136900839	89.7160174349	0
61.7580131397	85.6369985768	91.4893193673	0
99.6885704258	60.286636475	22.0457228238	0
80.5912542805	97.0878595641	44.1984537725	0
113.113470249	72.6485745156	49.8618801428	0
132.488991599	60.3198639907	5.60083910915	0
26.9818917425	109.032143333	76.9583807941	0
24.2450221658	35.5506660004	50.2301490145	0
39.7138077852	80.3367682213	50.2458269271	0
88.9735104542	100.837236511	64.8507191269	0
76.5368857196	42.3139368053	70.9095447366	0
86.5314506593	68.9695740052	60.6694320612	0
73.8585993298	31.1135197813	54.9858802594	0
79.4876893556	63.9985747666	76.0159221704	0
67.8154379886	54.8857672799	1.17822739239	0
78.2762025309	36.2418028587	55.6784039133	0
76.9363508461	-29.0945950502	91.1395444718	0
77.9009521269	53.4543751504	42.5829360299	0
70.174975299	117.578974847	24.3660310328	0
41.4002306464	84.8486662261	97.9307843536	0
117.657080674	45.6987596469	25.2608127965	0
121.545725121	41.4274641919	30.0724341135	0
47.7996764331	78.6625783051	60.5645270662	0
47.2965860548	45.1604734106	58.8214520573	0
29.2109879438	86.9361851827	89.5340849593	0
66.7805054549	131.737042781	52.8808155298	0
106.50245921	70.0635597902	88.8293851452	0
59.991500443	56.7930794949	79.1213813898	0
91.237439864	28.2278750393	74.7864812141	0
56.4100176426	48.4632122244	22.0021766114	0
76.4443592772	44.3545153253	4.50525840563	0
53.8148973378	42.879187437	95.5324089215	0
119.008545243	66.9117409398	92.4986458951	0
47.0335335892	118.078484248	61.0794634913	0
58.5125301932	71.8428915019	86.0126112433	0
81.3745141123	106.916107957	33.8472934269	0
96.5205360579	57.8868155067	13.4175119608	0
49.5984073387	81.2184407828	9.69925037489	0
52.5293318592	28.852515377	67.1508119301	0
154.369915989	89.0891963193	98.8752604533	0
51.0168338656	54.0485815589	61.613932291	0
64.4331112957	84.2983859011	38.4574776061	0
81.8205764661	89.1634206657	28.81450908	0
47.1257439782	51.3961126117	46.8769706724	0
53.8555857268	62.081649504	49.1932837498	0
73.3485023348	82.5610154888	38.1807945291	0
63.6586789737	108.814341196	45.7728508398	0
83.9252300026	88.7203285863	6.28468998253	0
53.3729082618	24.095501585	90.9907526199	0
86.6305677692	68.2418593282	68.5132895268	0
65.589017731	100.140063683	79.093383064	0
85.7585925601	90.8722605699	92.9574779465	0
21.1798882198	44.6266014012	62.5880678888	0
39.5393613335	70.630522647	5.42902116495	0
25.0616063144	76.8525604772	40.9345256687	0
108.63597057	55.9429373938	13.5079627827	0
95.1353800946	77.3861462015	13.3377249611	0
74.8728170443	25.7213932509	3.67835973065	0
86.8432133996	75.965814474	49.1511340394	0
81.2662025972	101.839647103	40.5856318487	0
30.7115101458	111.015897713	36.9402694403	0
52.5235534364	8.71986354154	54.4069882781	0
43.0460441917	82.2221897103	66.6331534837	0
88.2116652764	136.344215794	67.2135662237	0
62.466074918	42.1514698656	88.2951899813	0
64.759145873	89.8266250774	11.0584506563	0
72.6420612204	87.7449556755	2.414806091	0
81.900727754	109.984821943	62.4581853308	0
32.7607583141	11.5754677035	94.7186682314	0
154.684369479	47.0289496275	9.14429680729	0
85.348660178	61.9736000526	64.6226425748	0
100.549943907	60.1574993603	74.5438342584	0
32.9099163297	92.9809919268	13.5443825644	0
50.5913859569	108.094699918	23.7802290132	0
90.4665043596	72.5695071572	9.36614940244	0
75.5949932262	27.16454171	25.7004448215	0
75.1942536587	16.4351805483	10.2462515045	0
65.8976120671	48.8282111331	18.2870804245	0
44.4920167491	107.283629939	61.595513257	0
51.561190895	92.7504949472	34.8801452332	0
89.1359363502	92.4291046142	47.8421116151	0
55.1287621902	65.7153202298	68.6807314188	0
113.337195778	53.0277393209	42.2886962575	0
72.2360122512	69.6259817395	96.4640230602	0
62.664815277	100.998189602	31.1171419641	0
119.71774052	56.4955105398	82.7820971782	0
57.4387766937	108.173248283	39.6499315027	0
33.3423086409	56.3064468309	82.1113627274	0
29.2832432818	44.396257559	45.0100646316	0
65.7252482453	60.6187300708	20.997797675	0
107.840873233	99.7204251628	21.9162929345	0
43.9834031167	142.743876016	78.9147301812	0
101.862895793	87.525698308	16.7011764897	0
54.0151690615	51.3629904336	75.2769879663	0
18.0234844337	59.0424410703	68.1031227647	0
24.2306250274	52.8956922164	79.3798156567	0
58.3583320244	83.0020265366	96.6058099307	0
88.5491285568	27.0072361345	97.0396505423	0
7.31128491014	6.39115135351	76.5188974762	0
56.5430290241	94.6505128136	95.8999857851	0
26.2217816467	118.481933364	4.42413876423	0
89.0278951836	103.403075807	32.2950969648	0
-3.56132639699	90.9435438633	52.4097441602	0
64.6306775525	49.8325666446	70.4084180147	0
71.926271511	85.8902426298	99.0604578706	0
50.4033099228	61.35862707	71.2197625433	0
25.6828820039	-12.5101005229	92.620620835	0
83.8762456926	76.7506120316	38.2011887074	0
30.5613191251	85.3362796192	63.16360461	0
65.4629674063	72.8440554462	26.2847679742	0
118.801449275	93.1707002413	34.2525658127	0
86.0739852158	39.514657734	2.41078747181	0
116.890490792	63.87205202	82.2123105613	0
32.202260876	63.7225313469	52.2587823232	0
118.485236527	37.9225380232	20.3725007565	0
46.3537385869	33.6946065984	35.3926673803	0
55.5789493088	95.1825336122	41.7853974835	0
52.5356156687	146.261501851	57.3970032013	0
3.40163299911	79.7604820838	53.7669017529	0
70.6735636894	40.8974409671	27.3102926878	0
47.7996997858	99.4113745725	45.862974569	0
70.2349428496	64.5800925238	82.0038849287	0
80.551025264	31.5192293975	43.5661609222	0
44.2044851727	-52.2906981537	1.60087145369	0
55.0703187909	53.6421062504	49.2005104548	0
101.339132207	44.7373962255	25.7042789683	0
120.402534267	-25.5606091834	35.6170658633	0
12.4116163875	104.585617862	31.5884382946	0
80.7264310082	78.3710691918	26.7157476543	0
72.0343071233	64.4497720617	70.3929184047	0
65.2536279776	96.6161560096	74.0352064185	0
88.9131095053	115.01315619	49.5992711724	0
23.2543227669	93.3182174039	47.6792958168	0
121.465083094	137.371670336	40.8129288714	0
72.2790020262	41.7995314399	96.0173577468	0
66.7390683068	30.8668909966	95.6708472493	0
58.4659276836	66.7557046386	27.4196014215	0
52.4539225717	86.7922408721	77.0669220201	0
52.3108424665	30.7924012987	24.7631278387	0
126.147776687	78.4759944206	49.3041114706	0
125.452191784	15.0834376781	29.3932035377	0
109.18286203	-16.695078661	21.4990081694	0
81.5575386915	88.3737226658	68.4751733709	0
73.2085330913	115.735515548	13.5620494245	0
60.5495205847	133.786812074	15.4170950187	0
60.1083005049	108.196102599	84.1352395794	0
83.6823848988	76.607253903	96.7098855495	0
92.2707731638	72.2550081015	24.8630129038	0
16.8567120977	94.8011029779	57.515186635	0
82.1539931531	74.2970126674	14.1918975193	0
103.129879616	91.7215128424	57.20155331	0
26.3345874061	101.53548723	54.2194639504	0
38.0477284211	70.3883450412	64.3752813394	0
81.4118351538	68.5509381892	82.9549784139	0
31.0510523967	82.1579725956	92.1965995036	0
75.9432304884	95.4947314057	61.8623217465	0
35.2028285558	53.8668678706	12.8994463529	0
85.3840311354	58.8314909174	30.159195343	0
36.1036744342	90.2430231763	62.4844815067	0
51.3794402197	73.3037783491	79.6607027385	0
97.1963910653	126.233544956	1.21514050808	0
71.6645066259	47.1347039867	44.1561884837	0
104.35408463	82.1757523177	92.635783539	0
73.1707633163	102.63812014	56.4735345774	0
55.7626865282	-17.0026042547	50.2955866582	0
104.705875613	72.2496645405	26.4784088737	0
51.4865892616	100.28377671	97.5004035311	0
76.6874592546	24.1563113618	94.0690701841	0
80.1063606269	62.4631957679	47.7852283319	0
92.252571431	-4.64683181726	25.6004952879	0
111.154332085	69.6315231772	17.908731139	0
73.5289867473	72.9154231617	83.2958780253	0
76.1389587035	78.5485937361	48.209016814	0
27.4676258801	23.4154082916	8.25739857153	0
62.4145840598	99.8798626419	84.8230164523	0
-0.167411658887	90.5535118441	98.7012554936	0
101.200301393	98.1643815817	34.3769863805	0
82.3230073161	43.549136927	15.9231815923	0
86.5505359972	24.4857033191	1.16513342252	0
96.2297969272	82.7188375381	23.1973438586	0
49.1564132697	41.2250503857	24.9384590496	0
86.7481609751	88.2547988999	18.783597061	0
79.3353388115	74.3603850969	69.1577832409	0
110.869852176	36.5087297914	24.5788413577	0
40.6674494111	30.6568597409	97.5703582904	0
74.0369041495	89.8752226889	97.6086557853	0
73.3148726172	85.3712951339	22.0018575664	0
76.2693566877	88.9729166895	30.9894241735	0
70.7017747051	60.9400111649	49.2525397929	0
60.2991430706	27.1879328673	15.4559388666	0
63.621912151	48.2096313391	54.1139945079	0
108.571327557	64.0717000439	61.2483735412	0
86.0485565067	78.5044876927	41.36708518	0
58.9853450385	29.4971052416	28.6622596498	0
34.7794525051	30.3785445041	57.2483009762	0
80.7781594457	81.2107218591	38.7669236771	0
28.3147281066	21.5882450948	62.9619240633	0
65.4902623544	94.9697427235	12.618577979	0
76.5813766782	72.6920977202	9.07097723144	0
87.6834085633	127.297457318	27.0935520453	0
62.9793355096	89.5134675855	51.6713174305	0
-9.9158224087	55.8513155844	12.3263845271	0
93.565782275	19.4156087984	6.10663975999	0
88.1928004556	56.8010326948	13.6485166539	0
74.0530234227	95.1804562502	69.3215700267	0
64.241032883	75.8609276236	13.086984815	0
65.5506069506	62.5784321517	53.4560195621	0
69.6338972631	97.0845839854	86.8396655899	0
24.1168865059	55.5007243655	96.916252064	0
106.270091938	88.2089511356	45.3158838404	0
122.440690868	34.358433562	36.8906362215	0
56.1094962294	79.8524930709	54.5301005045	0
61.8562041888	58.6262939023	0.248941153342	0
65.314880849	49.8139569123	11.8621399757	0
81.4060538823	85.8753396312	28.0389360999	0
28.8467658518	113.783856596	29.106252841	0
63.0339269849	31.7427625588	80.7563305608	0
80.6136339622	56.3995037119	73.769084887	0
76.9061017245	79.7955415765	69.231318919	0
74.4222522729	34.0315295672	78.9781464761	0
115.828088094	94.2372843989	1.27243378736	0
13.6020599496	32.1361912344	72.2123447615	0
96.6961203726	44.8964007196	40.2553419787	0
17.0800263287	49.6906313414	65.5377919048	0
57.6722343687	83.2610064672	71.476587625	0
77.1758895509	86.516801662	12.2697389488	0
42.2517767626	88.1385625347	63.9241265413	0
109.888069652	67.3454482018	26.2404277248	0
70.9399678689	39.4234744635	25.8222534161	0
70.793098103	10.2947660719	90.2458047372	0
23.9218156791	78.8894762551	85.4992596876	0
25.662414003	35.2927899848	3.21410333926	0
15.3644315194	63.3935863027	43.7671446884	0
53.9552506144	80.5956492889	70.1166889648	0
76.9691467757	82.6996517894	35.8054257766	0
52.0287001397	15.5781710182	45.9959864351	0
40.2572927685	104.458607242	50.7365616359	0
87.6651189006	72.104151024	99.3772517286	0
20.5510138669	40.9941971952	88.3484999708	0
61.0241919078	58.3316984982	86.9873672212	0
60.089096495	56.0595260269	10.6964217983	0
100.838785265	79.7915134379	73.2209187968	0
86.0555823134	43.4017127441	8.63929658702	0
51.1482133496	1.67303011124	49.4307056118	0
64.3849268367	56.271176265	83.5330325372	0
75.3166190954	82.2266973566	7.49699481258	0
59.064144182	38.252020763	66.0692828224	0
23.7392398883	59.7195595178	52.0308535738	0
102.949241163	12.3459296648	98.7693970295	0
62.4402177449	96.1692606839	68.5389896101	0
18.4704447806	91.6810517369	76.5668289537	0
94.7441300986	97.3596623633	66.9247737967	0
87.7041085947	69.7003280457	46.9327319222	0
62.8239840769	72.028383172	36.313652068	0
90.258349697	50.7505861883	61.7278959444	0
55.5101226956	94.3745468118	69.5116303451	0
91.9180225875	87.2764074123	4.42090026267	0
69.8311611149	121.31058528	70.162873742	0
